-- phpMyAdmin SQL Dump
-- version 5.2.0
-- https://www.phpmyadmin.net/
--
-- Servidor: localhost:3310
-- Tiempo de generación: 16-02-2023 a las 17:57:03
-- Versión del servidor: 10.4.25-MariaDB
-- Versión de PHP: 8.1.10

SET SQL_MODE = "NO_AUTO_VALUE_ON_ZERO";
START TRANSACTION;
SET time_zone = "+00:00";


/*!40101 SET @OLD_CHARACTER_SET_CLIENT=@@CHARACTER_SET_CLIENT */;
/*!40101 SET @OLD_CHARACTER_SET_RESULTS=@@CHARACTER_SET_RESULTS */;
/*!40101 SET @OLD_COLLATION_CONNECTION=@@COLLATION_CONNECTION */;
/*!40101 SET NAMES utf8mb4 */;

--
-- Base de datos: `dual`
--

-- --------------------------------------------------------

--
-- Estructura de tabla para la tabla `cat_entidad`
--

CREATE TABLE `cat_entidad` (
  `id_entidad` int(11) NOT NULL,
  `id_cat_entidad` varchar(2) DEFAULT NULL,
  `nombre_entidad` varchar(45) DEFAULT NULL,
  `dt_nombre_corto` varchar(45) DEFAULT NULL,
  `dt_region` varchar(45) DEFAULT NULL
) ENGINE=InnoDB DEFAULT CHARSET=utf8mb4;

--
-- Volcado de datos para la tabla `cat_entidad`
--

INSERT INTO `cat_entidad` (`id_entidad`, `id_cat_entidad`, `nombre_entidad`, `dt_nombre_corto`, `dt_region`) VALUES
(1, '01', 'AGUASCALIENTES', 'AGS.', NULL),
(2, '02', 'BAJA CALIFORNIA', 'BC', NULL),
(3, '03', 'BAJA CALIFORNIA SUR', 'BCS', NULL),
(4, '04', 'CAMPECHE', 'CAMP.', NULL),
(5, '05', 'CHIAPAS', 'CHIS.', NULL),
(6, '06', 'CHIHUAHUA', 'CHIH.', NULL),
(7, '07', 'COAHUILA', 'COAH.', NULL),
(8, '08', 'COLIMA', 'COL.', NULL),
(9, '09', 'CIUDAD DE MÉXICO', 'CDMX', NULL),
(10, '10', 'DURANGO', 'DGO.', NULL),
(11, '11', 'GUANAJUATO', 'GTO.', NULL),
(12, '12', 'GUERRERO', 'GRO.', NULL),
(13, '13', 'HIDALGO', 'HGO.', NULL),
(14, '14', 'JALISCO', 'JAL.', NULL),
(15, '15', 'MÉXICO', 'MEX.', NULL),
(16, '16', 'MICHOACÁN', 'MICH.', NULL),
(17, '17', 'MORELOS', 'MOR.', NULL),
(18, '18', 'NAYARIT', 'NAY.', NULL),
(19, '19', 'NUEVO LEÓN', 'NL', NULL),
(20, '20', 'OAXACA', 'OAX.', NULL),
(21, '21', 'PUEBLA', 'PUE.', NULL),
(22, '22', 'QUERÉTARO', 'QRO.', NULL),
(23, '23', 'QUINTANA ROO', 'Q. ROO', NULL),
(24, '24', 'SAN LUIS POTOSÍ', 'SLP', NULL),
(25, '25', 'SINALOA', 'SIN.', NULL),
(26, '26', 'SONORA', 'SON.', NULL),
(27, '27', 'TABASCO', 'TAB.', NULL),
(28, '28', 'TAMAULIPAS', 'TAMPS.', NULL),
(29, '29', 'TLAXCALA', 'TLAX.', NULL),
(30, '30', 'VERACRUZ', 'VER.', NULL),
(31, '31', 'YUCATÁN', 'YUC.', NULL),
(32, '32', 'ZACATECAS', 'ZAC.', NULL);

-- --------------------------------------------------------

--
-- Estructura de tabla para la tabla `cat_ies`
--

CREATE TABLE `cat_ies` (
  `id_cat_ies` int(11) NOT NULL,
  `id_ies` varchar(6) NOT NULL,
  `dt_clave_ies` varchar(20) NOT NULL,
  `dt_nombre_ies` varchar(300) NOT NULL,
  `id_cat_entidad` varchar(2) NOT NULL,
  `dt_control` varchar(20) NOT NULL,
  `dt_subsistema` varchar(200) NOT NULL,
  `dt_subsistema_resp` varchar(200) DEFAULT NULL,
  `dt_email` varchar(100) DEFAULT NULL,
  `dt_telefono` varchar(10) DEFAULT NULL,
  `dt_direccion` varchar(100) DEFAULT NULL,
  `dt_localidad` varchar(100) DEFAULT NULL,
  `dt_municipio` varchar(200) DEFAULT NULL,
  `dt_cp` varchar(6) DEFAULT NULL,
  `lat` varchar(50) DEFAULT NULL,
  `lng` varchar(50) DEFAULT NULL,
  `dt_bajo_modalidad` varchar(30) DEFAULT NULL,
  `dt_total_egresados` varchar(6) DEFAULT NULL,
  `dt_estatus` tinyint(1) NOT NULL DEFAULT 0
) ENGINE=InnoDB DEFAULT CHARSET=utf8mb4;

--
-- Volcado de datos para la tabla `cat_ies`
--

INSERT INTO `cat_ies` (`id_cat_ies`, `id_ies`, `dt_clave_ies`, `dt_nombre_ies`, `id_cat_entidad`, `dt_control`, `dt_subsistema`, `dt_subsistema_resp`, `dt_email`, `dt_telefono`, `dt_direccion`, `dt_localidad`, `dt_municipio`, `dt_cp`, `lat`, `lng`, `dt_bajo_modalidad`, `dt_total_egresados`, `dt_estatus`) VALUES
(2319, '0001', '30MSU0010Q', 'CENTRO DE ACTUALIZACION DEL MAGISTERIO', '30', 'PÚBLICO', '15', '', '{$email}', '{$telefono', '{$direccion}', '{$localidad}', '{$municipio}', '{$cp}', '', '', '{$bajo_modalidad}', '{$tota', 0),
(2320, '0002', '30MSU0940B', 'UNIVERSIDAD VERACRUZANA', '30', 'PÚBLICO', '09', '', '', '', '', '', '', '', '', '', '', '', 0),
(2321, '0003', '11MSU0125C', 'CENTRO DE ACTUALIZACION DEL MAGISTERIO', '11', 'PÚBLICO', '03', '', '', '', '', '', '', '', '', '', '', '', 0),
(2322, '0004', '16MSU0526T', 'INSTITUTO MICHOACANO DE CIENCIAS DE LA EDUCACION', '16', 'PÚBLICO', '15', '', '', '', '', '', '', '', '', '', '', '', 0),
(2323, '0005', '14MSU0113V', 'BENEMERITA Y CENTENARIA ESCUELA NORMAL DE JALISCO', '14', 'PÚBLICO', '15', '', '', '', '', '', '', '', '', '', '', '', 0),
(2324, '0006', '27MSU0021I', 'INSTITUTO DE EDUCACION SUPERIOR DEL MAGISTERIO', '27', 'PÚBLICO', '03', '', '', '', '', '', '', '', '', '', '', '', 0),
(2325, '0007', '27MSU0051C', 'ROSARIO MARIA GUTIERREZ ESKILDSEN', '27', 'PÚBLICO', '05', '', '', '', '', '', '', '', '', '', '', '', 0),
(2326, '0008', '04MSU0030F', 'INSTITUTO CAMPECHANO', '04', 'PÚBLICO', '12', '', '', '', '', '', '', '', '', '', '', '', 0),
(2327, '0009', '20MSU0607Q', 'CENTRO REGIONAL DE EDUCACION NORMAL', '20', 'PÚBLICO', '05', '', '', '', '', '', '', '', '', '', '', '', 0),
(2328, '0010', '27MSU0021I', 'INSTITUTO DE EDUCACION SUPERIOR DEL MAGISTERIO', '27', 'PÚBLICO', '04', '', '', '', '', '', '', '', '', '', '', '', 0),
(2329, '0011', '14MSU0106L', 'ESCUELA NORMAL EXPERIMENTAL', '14', 'PÚBLICO', '05', '', '', '', '', '', '', '', '', '', '', '', 0),
(2330, '0012', '01MSU9002V', 'CENTRO REGIONAL DE EDUCACION NORMAL DE AGUASCALIENTES', '01', 'PÚBLICO', '05', 'Universidades Públicas Federales', 'CORREO', '5530455145', 'CALLE #0', 'LOCALIDAD', 'ALVARO OBREGON', '01800', '22.04179', '-102.331', '2020', '4522', 1),
(2331, '0013', '07MSU0003F', 'INSTITUTO TECNOLOGICO DE TUXTLA GUTIERREZ', '05', 'PÚBLICO', '01', '', '', '', '', '', '', '', '', '', '', '', 0),
(2332, '0014', '14MSU0004O', 'UNIVERSIDAD PEDAGOGICA NACIONAL 142', '14', 'PÚBLICO', '13', '', '', '', '', '', '', '', '', '', '', '', 0),
(2333, '0015', '20MSU0020Q', 'UNIVERSIDAD DEL PAPALOAPAN', '20', 'PÚBLICO', '12', '', '', '', '', '', '', '', '', '', '', '', 0),
(2334, '0016', '30MSU0905W', 'INSTITUTO TECNOLOGICO AGROPECUARIO NUM. 18', '30', 'PÚBLICO', '01', '', '', '', '', '', '', '', '', '', '', '', 0),
(2335, '0017', '28MSU0038H', 'ESCUELA JUDICIAL DEL PODER JUDICIAL DEL ESTADO DE TAMAULIPAS', '28', 'PÚBLICO', '15', '', '', '', '', '', '', '', '', '', '', '', 0),
(2336, '0018', '07MSU0006C', 'INSTITUTO TECNOLOGICO DE COMITAN', '05', 'PÚBLICO', '01', '', '', '', '', '', '', '', '', '', '', '', 0),
(2337, '0019', '14MSU0005N', 'UNIVERSIDAD PEDAGOGICA NACIONAL 143', '14', 'PÚBLICO', '13', '', '', '', '', '', '', '', '', '', '', '', 0),
(2338, '0020', '20MSU0023N', 'UNIVERSIDAD DE LA SIERRA SUR', '20', 'PÚBLICO', '12', '', '', '', '', '', '', '', '', '', '', '', 0),
(2339, '0021', '30MSU0930V', 'INSTITUTO TECNOLOGICO DE CERRO AZUL', '30', 'PÚBLICO', '01', '', '', '', '', '', '', '', '', '', '', '', 0),
(2340, '0022', '29MSU0063F', 'CENTRO DE INVESTIGACION EN BIOTECNOLOGIA APLICADA CIBA-IPN', '29', 'PÚBLICO', '13', '', '', '', '', '', '', '', '', '', '', '', 0),
(2341, '0023', '07MSU0147B', 'INSTITUTO TECNOLOGICO DE FRONTERA COMALAPA', '05', 'PÚBLICO', '01', '', '', '', '', '', '', '', '', '', '', '', 0),
(2342, '0024', '14MSU0003P', 'UNIVERSIDAD PEDAGOGICA NACIONAL 141', '14', 'PÚBLICO', '13', '', '', '', '', '', '', '', '', '', '', '', 0),
(2343, '0025', '20MSU0029H', 'UNIVERSIDAD DE LA SIERRA JUAREZ', '20', 'PÚBLICO', '12', '', '', '', '', '', '', '', '17.3245', '-96.4859', '', '', 1),
(2344, '0026', '30MSU0881C', 'INSTITUTO TECNOLOGICO DE BOCA DEL RIO', '30', 'PÚBLICO', '01', '', '', '', '', '', '', '', '', '', '', '', 0),
(2345, '0027', '30MSU9024B', 'INSTITUTO DE ECOLOGIA, A.C.', '30', 'PÚBLICO', '02', '', '', '', '', '', '', '', '', '', '', '', 0),
(2346, '0028', '07MSU0064T', 'ESCUELA NORMAL EXPERIMENTAL LA ENSEÑANZA E IGNACIO MANUEL ALTAMIRANO', '05', 'PÚBLICO', '05', '', '', '', '', '', '', '', '', '', '', '', 0),
(2347, '0029', '14MSU0006M', 'UNIVERSIDAD PEDAGOGICA NACIONAL 144', '14', 'PÚBLICO', '13', '', '', '', '', '', '', '', '', '', '', '', 0),
(2348, '0030', '20MSU0032V', 'UNIVERSIDAD DE LA CAÑADA', '20', 'PÚBLICO', '12', '', '', '', '', '', '', '', '', '', '', '', 0),
(2349, '0031', '30MSU0573X', 'INSTITUTO TECNOLOGICO DE MINATITLAN', '30', 'PÚBLICO', '01', '', '', '', '', '', '', '', '', '', '', '', 0),
(2350, '0032', '07MSU0065S', 'ESCUELA NORMAL EXPERIMENTAL FRAY MATIAS ANTONIO DE CORDOVA Y ORDOÑEZ', '05', 'PÚBLICO', '05', '', '', '', '', '', '', '', '', '', '', '', 0),
(2351, '0033', '14MSU0007L', 'UNIVERSIDAD PEDAGOGICA NACIONAL 145', '14', 'PÚBLICO', '13', '', '', '', '', '', '', '', '', '', '', '', 0),
(2352, '0034', '20MSU0061Q', 'UNIVERSIDAD TECNOLOGICA DE LOS VALLES CENTRALES DE OAXACA', '20', 'PÚBLICO', '14', '', '', '', '', '', '', '', '', '', '', '', 0),
(2353, '0035', '30MSU0004F', 'CENTRO DE ACTUALIZACION DEL MAGISTERIO', '30', 'PÚBLICO', '15', '', '', '', '', '', '', '', '', '', '', '', 0),
(2354, '0036', '30MSU1007J', 'COLEGIO DE POSTGRADUADOS CAMPUS VERACRUZ', '30', 'PÚBLICO', '15', '', '', '', '', '', '', '', '', '', '', '', 0),
(2355, '0037', '07MSU0066R', 'ESCUELA NORMAL RURAL MACTUMACTZA', '05', 'PÚBLICO', '05', '', '', '', '', '', '', '', '', '', '', '', 0),
(2356, '0038', '14MSU0054W', 'ESCUELA DE CONSERVACION Y RESTAURACION DE OCCIDENTE', '14', 'PÚBLICO', '15', '', '', '', '', '', '', '', '', '', '', '', 0),
(2357, '0039', '20MSU0064N', 'UNIVERSIDAD TECNOLOGICA DE LA SIERRA SUR DE OAXACA', '20', 'PÚBLICO', '14', '', '', '', '', '', '', '', '', '', '', '', 0),
(2358, '0040', '30MSU1052W', 'INSTITUTO OCEANOGRAFICO DEL GOLFO MAR Y CARIBE', '30', 'PÚBLICO', '15', '', '', '', '', '', '', '', '', '', '', '', 0),
(2359, '0041', '07MSU0087D', 'ESCUELA NORMAL INDIGENA INTERCULTURAL BILINGUE JACINTO CANEK', '05', 'PÚBLICO', '05', '', '', '', '', '', '', '', '', '', '', '', 0),
(2360, '0042', '14MSU0295U', 'INSTITUTO TECNOLOGICO MARIO MOLINA', '14', 'PÚBLICO', '07', '', '', '', '', '', '', '', '', '', '', '', 0),
(2361, '0043', '20MSU0105X', 'CENTRO DE REHABILITACIÓN Y EDUCACIÓN ESPECIAL CREE OAXACA', '20', 'PÚBLICO', '15', '', '', '', '', '', '', '', '', '', '', '', 0),
(2362, '0044', '30MSU0402D', 'ESCUELA NORMAL SUPERIOR FEDERAL EN VERACRUZ', '30', 'PÚBLICO', '05', '', '', '', '', '', '', '', '', '', '', '', 0),
(2363, '0045', '31MSU0050Q', 'UNIDAD MERIDA DEL CENTRO DE INVESTIGACION DE ESTUDIOS AVANZADOS DEL IPN', '31', 'PÚBLICO', '02', '', '', '', '', '', '', '', '', '', '', '', 0),
(2364, '0046', '07MSU0028O', 'UNIVERSIDAD PEDAGOGICA NACIONAL UNIDAD 071 TUXTLA', '05', 'PÚBLICO', '13', '', '', '', '', '', '', '', '', '', '', '', 0),
(2365, '0047', '14MSU0105M', 'ESCUELA NORMAL SUPERIOR DE ESPECIALIDADES', '14', 'PÚBLICO', '05', '', '', '', '', '', '', '', '', '', '', '', 0),
(2366, '0048', '20MSU0011I', 'UNIVERSIDAD AUTONOMA BENITO JUAREZ DE OAXACA', '20', 'PÚBLICO', '11', '', '', '', '', '', '', '', '', '', '', '', 0),
(2367, '0049', '30MSU0413J', 'CENTRO REGIONAL DE EDUCACION NORMAL DR. GONZALO AGUIRRE BELTRAN', '30', 'PÚBLICO', '05', '', '', '', '', '', '', '', '', '', '', '', 0),
(2368, '0050', '31MSU0027P', 'CENTRO DE INVESTIGACION CIENTIFICA DE YUCATAN, A.C.', '31', 'PÚBLICO', '02', '', '', '', '', '', '', '', '', '', '', '', 0),
(2369, '0051', '07MSU0029N', 'UNIVERSIDAD PEDAGOGICA NACIONAL UNIDAD 072 TAPACHULA', '05', 'PÚBLICO', '13', '', '', '', '', '', '', '', '', '', '', '', 0),
(2370, '0052', '14MSU0107K', 'ESCUELA NORMAL SUPERIOR DE JALISCO', '14', 'PÚBLICO', '05', '', '', '', '', '', '', '', '', '', '', '', 0),
(2371, '0053', '20MSU0111H', 'UNIVERSIDAD AUTONOMA COMUNAL DE OAXACA', '20', 'PÚBLICO', '11', '', '', '', '', '', '', '', '', '', '', '', 0),
(2372, '0054', '30MSU0081K', 'UNIVERSIDAD PEDAGOGICA NACIONAL', '30', 'PÚBLICO', '13', '', '', '', '', '', '', '', '', '', '', '', 0),
(2373, '0055', '07MSU0063U', 'INSTITUTO TECNOLOGICO SUPERIOR DE CINTALAPA', '05', 'PÚBLICO', '07', '', '', '', '', '', '', '', '', '', '', '', 0),
(2374, '0056', '14MSU0108J', 'ESCUELA NORMAL PARA EDUCADORAS DE GUADALAJARA', '14', 'PÚBLICO', '05', '', '', '', '', '', '', '', '', '', '', '', 0),
(2375, '0057', '21MSU0615Y', 'INSTITUTO TECNOLOGICO DE PUEBLA', '21', 'PÚBLICO', '01', '', '', '', '', '', '', '', '', '', '', '', 0),
(2376, '0058', '30MSU0254L', 'INSTITUTO SUPERIOR DE MUSICA DEL ESTADO DE VERACRUZ', '30', 'PÚBLICO', '15', '', '', '', '', '', '', '', '', '', '', '', 0),
(2377, '0059', '31MSU0063U', 'ESCUELA JUDICIAL DEL PODER JUDICIAL DEL ESTADO DE YUCATAN', '31', 'PÚBLICO', '15', '', '', '', '', '', '', '', '', '', '', '', 0),
(2378, '0060', '07MSU0098J', 'UNIVERSIDAD INTERCULTURAL DE CHIAPAS', '05', 'PÚBLICO', '09', '', '', '', '', '', '', '', '', '', '', '', 0),
(2379, '0061', '14MSU0109I', 'ESCUELA NORMAL PARA EDUCADORAS DE UNION DE TULA', '14', 'PÚBLICO', '05', '', '', '', '', '', '', '', '', '', '', '', 0),
(2380, '0062', '21MSU0907M', 'INSTITUTO TECNOLOGICO DE TEHUACAN', '21', 'PÚBLICO', '01', '', '', '', '', '', '', '', '', '', '', '', 0),
(2381, '0063', '30MSU0160X', 'INSTITUTO TECNOLOGICO SUPERIOR DE SAN ANDRES TUXTLA', '30', 'PÚBLICO', '07', '', '', '', '', '', '', '', '', '', '', '', 0),
(2382, '0064', '07MSU0069O', 'ESCUELA NORMAL DE LICENCIATURA EN EDUCACION PREESCOLAR BERTHA VON GLUMER Y LEYVA', '05', 'PÚBLICO', '05', '', '', '', '', '', '', '', '', '', '', '', 0),
(2383, '0065', '14MSU0136F', 'ESCUELA SUPERIOR DE EDUCACION FISICA DE JALISCO', '14', 'PÚBLICO', '05', '', '', '', '', '', '', '', '', '', '', '', 0),
(2384, '0066', '21MSU0090K', 'INSTITUTO TECNOLOGICO DE TECOMATLAN', '21', 'PÚBLICO', '01', '', '', '', '', '', '', '', '', '', '', '', 0),
(2385, '0067', '30MSU0170D', 'INSTITUTO TECNOLOGICO SUPERIOR DE MISANTLA', '30', 'PÚBLICO', '07', '', '', '', '', '', '', '', '', '', '', '', 0),
(2386, '0068', '07MSU0070D', 'ESCUELA NORMAL DE LICENCIATURA EN EDUCACION PREESCOLAR ROSAURA ZAPATA CANO', '05', 'PÚBLICO', '05', '', '', '', '', '', '', '', '', '', '', '', 0),
(2387, '0069', '14MSU0113V', 'BENEMERITA Y CENTENARIA ESCUELA NORMAL DE JALISCO', '14', 'PÚBLICO', '05', '', '', '', '', '', '', '', '', '', '', '', 0),
(2388, '0070', '21MSU9025T', 'INSTITUTO JAIME TORRES BODET', '21', 'PÚBLICO', '05', '', '', '', '', '', '', '', '', '', '', '', 0),
(2389, '0071', '30MSU0008B', 'INSTITUTO TECNOLOGICO SUPERIOR DE TANTOYUCA', '30', 'PÚBLICO', '07', '', '', '', '', '', '', '', '', '', '', '', 0),
(2390, '0072', '32MSU0035X', 'ESCUELA JUDICIAL DEL TRIBUNAL SUPERIOR DE JUSTICIA DEL ESTADO', '32', 'PÚBLICO', '15', '', '', '', '', '', '', '', '', '', '', '', 0),
(2391, '0073', '07MSU0071C', 'ESCUELA NORMAL DE LICENCIATURA EN EDUCACION PREESCOLAR LIC. MANUEL LARRAINZAR', '05', 'PÚBLICO', '05', '', '', '', '', '', '', '', '', '', '', '', 0),
(2392, '0074', '14MSU0135G', 'ESCUELA NORMAL PARA EDUCADORAS DE ARANDAS', '14', 'PÚBLICO', '05', '', '', '', '', '', '', '', '', '', '', '', 0),
(2393, '0075', '21MSU9003H', 'ESCUELA NORMAL PROFR. FIDEL MEZA Y SÁNCHEZ', '21', 'PÚBLICO', '05', '', '', '', '', '', '', '', '', '', '', '', 0),
(2394, '0076', '30MSU0975R', 'INSTITUTO TECNOLOGICO SUPERIOR DE PANUCO', '30', 'PÚBLICO', '07', '', '', '', '', '', '', '', '', '', '', '', 0),
(2395, '0077', '07MSU0072B', 'ESCUELA NORMAL DE LICENCIATURA EN EDUCACION PREESCOLAR ROSARIO CASTELLANOS', '05', 'PÚBLICO', '05', '', '', '', '', '', '', '', '', '', '', '', 0),
(2396, '0078', '14MSU0147L', 'ESCUELA SUPERIOR DE DEPORTES', '14', 'PÚBLICO', '15', '', '', '', '', '', '', '', '', '', '', '', 0),
(2397, '0079', '21MSU9019I', 'ESCUELA NORMAL RURAL CARMEN SERDÁN', '21', 'PÚBLICO', '05', '', '', '', '', '', '', '', '', '', '', '', 0),
(2398, '0080', '30MSU0976Q', 'INSTITUTO TECNOLOGICO SUPERIOR DE COSAMALOAPAN', '30', 'PÚBLICO', '07', '', '', '', '', '', '', '', '', '', '', '', 0),
(2399, '0081', '07MSU0073A', 'ESCUELA NORMAL DE LICENCIATURA EN EDUCACION PREESCOLAR Y PRIMARIA DEL ESTADO TONALA', '05', 'PÚBLICO', '05', '', '', '', '', '', '', '', '', '', '', '', 0),
(2400, '0082', '14MSU0180T', 'UNIVERSIDAD POLITECNICA DE LA ZONA METROPOLITANA DE GUADALAJARA', '14', 'PÚBLICO', '10', '', '', '', '', '', '', '', '', '', '', '', 0),
(2401, '0083', '21MSU9026S', 'ESCUELA NORMAL SUPERIOR FEDERALIZADA DEL ESTADO DE PUEBLA', '21', 'PÚBLICO', '05', '', '', '', '', '', '', '', '', '', '', '', 0),
(2402, '0084', '30MSU0214K', 'INSTITUTO TECNOLOGICO SUPERIOR DE POZA RICA', '30', 'PÚBLICO', '07', '', '', '', '', '', '', '', '', '', '', '', 0),
(2403, '0085', '07MSU0074Z', 'BENEMERITA Y CENTENARIA ESCUELA NORMAL DE LICENCIATURA EN EDUCACION PRIMARIA DEL ESTADO', '05', 'PÚBLICO', '05', '', '', '', '', '', '', '', '', '', '', '', 0),
(2404, '0086', '14MSU0290Z', 'INSTITUTO DE FORMACION Y PROFESIONALIZACION', '14', 'PÚBLICO', '15', '', '', '', '', '', '', '', '', '', '', '', 0),
(2405, '0087', '21MSU9001J', 'ESCUELA NORMAL PROFR.  DARÍO RODRÍGUEZ CRUZ', '21', 'PÚBLICO', '05', '', '', '', '', '', '', '', '', '', '', '', 0),
(2406, '0088', '30MSU0215J', 'INSTITUTO TECNOLOGICO SUPERIOR DE XALAPA', '30', 'PÚBLICO', '07', '', '', '', '', '', '', '', '', '', '', '', 0),
(2407, '0089', '07MSU0075Z', 'ESCUELA NORMAL DE LICENCIATURA EN EDUCACION PRIMARIA DEL ESTADO', '05', 'PÚBLICO', '05', '', '', '', '', '', '', '', '', '', '', '', 0),
(2408, '0090', '14MSU0021E', 'UNIVERSIDAD TECNOLOGICA DE JALISCO', '14', 'PÚBLICO', '14', '', '', '', '', '', '', '', '', '', '', '', 0),
(2409, '0091', '21MSU0290I', 'UPN SEAD 211 UNIDAD PUEBLA', '21', 'PÚBLICO', '13', '', '', '', '', '', '', '', '', '', '', '', 0),
(2410, '0092', '30MSU0220V', 'INSTITUTO TECNOLOGICO SUPERIOR DE TIERRA BLANCA', '30', 'PÚBLICO', '07', '', '', '', '', '', '', '', '', '', '', '', 0),
(2411, '0093', '07MSU0076Y', 'ESCUELA NORMAL DE LICENCIATURA EN EDUCACION PRIMARIA DEL OCCIDENTE DE CHIAPAS', '05', 'PÚBLICO', '05', '', '', '', '', '', '', '', '', '', '', '', 0),
(2412, '0094', '14MSU0082S', 'UNIVERSIDAD TECNOLOGICA DE LA ZONA METROPOLITANA DE GUADALAJARA', '14', 'PÚBLICO', '14', '', '', '', '', '', '', '', '', '', '', '', 0),
(2413, '0095', '21MSU0180C', 'UPN SEAD 213 UNIDAD TEHUACAN', '21', 'PÚBLICO', '13', '', '', '', '', '', '', '', '', '', '', '', 0),
(2414, '0096', '30MSU0221U', 'INSTITUTO TECNOLOGICO SUPERIOR DE COATZACOALCOS', '30', 'PÚBLICO', '07', '', '', '', '', '', '', '', '', '', '', '', 0),
(2415, '0097', '07MSU0078W', 'ESCUELA NORMAL DE LICENCIATURA EN EDUCACION PRIMARIA Y ESPECIAL FRAY MATIAS DE CORDOVA', '05', 'PÚBLICO', '05', '', '', '', '', '', '', '', '', '', '', '', 0),
(2416, '0098', '14MSU0186N', 'ESCUELA DE ENFERMERIA DEL INSTITUTO MEXICANO DEL SEGURO SOCIAL', '14', 'PÚBLICO', '15', '', '', '', '', '', '', '', '', '', '', '', 0),
(2417, '0099', '21MSU0170W', 'UPN SEAD 212 UNIDAD TEZIUTLAN', '21', 'PÚBLICO', '13', '', '', '', '', '', '', '', '', '', '', '', 0),
(2418, '0100', '30MSU9021E', 'INSTITUTO TECNOLOGICO SUPERIOR DE ACAYUCAN', '30', 'PÚBLICO', '07', '', '', '', '', '', '', '', '', '', '', '', 0),
(2419, '0101', '07MSU0079V', 'ESCUELA NORMAL DE LICENCIATURA EN EDUCACION PRIMARIA DR. MANUEL VELASCO SUAREZ', '05', 'PÚBLICO', '05', '', '', '', '', '', '', '', '', '', '', '', 0),
(2420, '0102', '14MSU0060G', 'COLEGIO DEL AIRE', '14', 'PÚBLICO', '15', '', '', '', '', '', '', '', '', '', '', '', 0),
(2421, '0103', '21MSU0660K', 'INSTITUTO TECNOLOGICO SUPERIOR DE TEZIUTLAN', '21', 'PÚBLICO', '07', '', '', '', '', '', '', '', '', '', '', '', 0),
(2422, '0104', '30MSU9022D', 'INSTITUTO TECNOLOGICO DE LAS CHOAPAS', '30', 'PÚBLICO', '07', '', '', '', '', '', '', '', '', '', '', '', 0),
(2423, '0105', '07MSU0081J', 'ESCUELA NORMAL DE LICENCIATURA EN EDUCACION PRIMARIA VILLAFLORES', '05', 'PÚBLICO', '05', '', '', '', '', '', '', '', '', '', '', '', 0),
(2424, '0106', '14MSU0010Z', 'UNIVERSIDAD DE GUADALAJARA', '14', 'PÚBLICO', '11', '', '', '', '', '', '', '', '', '', '', '', 0),
(2425, '0107', '21MSU0650D', 'INSTITUTO TECNOLOGICO SUPERIOR DE LA SIERRA NORTE DE PUEBLA', '21', 'PÚBLICO', '07', '', '', '', '', '', '', '', '', '', '', '', 0),
(2426, '0108', '30MSU9023C', 'INSTITUTO TECNOLOGICO SUPERIOR DE ALAMO-TEMAPACHE', '30', 'PÚBLICO', '07', '', '', '', '', '', '', '', '', '', '', '', 0),
(2427, '0109', '07MSU0082I', 'ESCUELA NORMAL DE LICENCIATURA EN EDUCACION FISICA PROFR. PEDRO REYNOL OZUNA HENNING', '05', 'PÚBLICO', '05', '', '', '', '', '', '', '', '', '', '', '', 0),
(2428, '0110', '15MSU0727R', 'INSTITUTO TECNOLOGICO DE TOLUCA', '15', 'PÚBLICO', '01', '', '', '', '', '', '', '', '', '', '', '', 0),
(2429, '0111', '21MSU1064T', 'INSTITUTO TECNOLÓGICO SUPERIOR DE ACATLÁN DE OSORIO', '21', 'PÚBLICO', '07', '', '', '', '', '', '', '', '', '', '', '', 0),
(2430, '0112', '30MSU9025A', 'INSTITUTO TECNOLOGICO SUPERIOR DE HUATUSCO', '30', 'PÚBLICO', '07', '', '', '', '', '', '', '', '', '', '', '', 0),
(2431, '0113', '07MSU0083H', 'ESCUELA NORMAL DE LICENCIATURA EN EDUCACION FISICA DE TAPACHULA', '05', 'PÚBLICO', '05', '', '', '', '', '', '', '', '', '', '', '', 0),
(2432, '0114', '15MSU0573E', 'INSTITUTO TECNOLOGICO DE TLALNEPANTLA', '15', 'PÚBLICO', '01', '', '', '', '', '', '', '', '', '', '', '', 0),
(2433, '0115', '21MSU1085F', 'INSTITUTO TECNOLOGICO SUPERIOR DE ATLIXCO', '21', 'PÚBLICO', '07', '', '', '', '', '', '', '', '', '', '', '', 0),
(2434, '0116', '30MSU9026Z', 'INSTITUTO TECNOLOGICO SUPERIOR DE ALVARADO', '30', 'PÚBLICO', '07', '', '', '', '', '', '', '', '', '', '', '', 0),
(2435, '0117', '07MSU0084G', 'ESCUELA NORMAL SUPERIOR DE CHIAPAS', '05', 'PÚBLICO', '05', '', '', '', '', '', '', '', '', '', '', '', 0),
(2436, '0118', '15MSU0902G', 'ESCUELA NORMAL SUPERIOR DEL VALLE DE MEXICO, TLALNEPANTLA', '15', 'PÚBLICO', '05', '', '', '', '', '', '', '', '', '', '', '', 0),
(2437, '0119', '21MSU1117H', 'INSTITUTO TECNOLOGICO SUPERIOR DE CIUDAD SERDAN', '21', 'PÚBLICO', '07', '', '', '', '', '', '', '', '', '', '', '', 0),
(2438, '0120', '30MSU0240I', 'INSTITUTO TECNOLOGICO SUPERIOR DE PEROTE', '30', 'PÚBLICO', '07', '', '', '', '', '', '', '', '', '', '', '', 0),
(2439, '0121', '07MSU0080K', 'ESCUELA NORMAL DE LICENCIATURA EN EDUCACION PRIMARIA LIC. MANUEL LARRAINZAR', '05', 'PÚBLICO', '05', '', '', '', '', '', '', '', '', '', '', '', 0),
(2440, '0122', '15MSU4002Q', 'ESC. NORMAL RURAL LAZARO CARDENAS DEL RIO', '15', 'PÚBLICO', '05', '', '', '', '', '', '', '', '', '', '', '', 0),
(2441, '0123', '21MSU1003F', 'INSTITUTO TECNOLOGICO SUPERIOR DE ZACAPOAXTLA', '21', 'PÚBLICO', '07', '', '', '', '', '', '', '', '', '', '', '', 0),
(2442, '0124', '30MSU0241H', 'INSTITUTO TECNOLOGICO SUPERIOR DE ZONGOLICA', '30', 'PÚBLICO', '07', '', '', '', '', '', '', '', '', '', '', '', 0),
(2443, '0125', '07MSU0093O', 'UNIVERSIDAD POLITECNICA DE CHIAPAS', '05', 'PÚBLICO', '10', '', '', '', '', '', '', '', '', '', '', '', 0),
(2444, '0126', '15MSU0903F', 'ESCUELA NORMAL SUPERIOR DEL VALLE DE MEXICO', '15', 'PÚBLICO', '05', '', '', '', '', '', '', '', '', '', '', '', 0),
(2445, '0127', '21MSU1120V', 'INSTITUTO TECNOLOGICO SUPERIOR DE TEPEACA', '21', 'PÚBLICO', '07', '', '', '', '', '', '', '', '', '', '', '', 0),
(2446, '0128', '30MSU9066A', 'INSTITUTO TECNOLOGICO SUPERIOR DE CHICONTEPEC', '30', 'PÚBLICO', '07', '', '', '', '', '', '', '', '', '', '', '', 0),
(2447, '0129', '07MSU0151O', 'UNIVERSIDAD POLITECNICA DE TAPACHULA', '05', 'PÚBLICO', '10', '', '', '', '', '', '', '', '', '', '', '', 0),
(2448, '0130', '15MSU4001R', 'ESCUELA NORMAL SUPERIOR DEL VALLE DE TOLUCA', '15', 'PÚBLICO', '05', '', '', '', '', '', '', '', '', '', '', '', 0),
(2449, '0131', '21MSU1121U', 'INSTITUTO TECNOLOGICO SUPERIOR DE LIBRES', '21', 'PÚBLICO', '07', '', '', '', '', '', '', '', '', '', '', '', 0),
(2450, '0132', '30MSU9067Z', 'INSTITUTO TECNOLOGICO SUPERIOR DE JESUS CARRANZA', '30', 'PÚBLICO', '07', '', '', '', '', '', '', '', '', '', '', '', 0),
(2451, '0133', '07MSU0002G', 'UNIVERSIDAD DE CIENCIAS Y ARTES DE CHIAPAS', '05', 'PÚBLICO', '12', '', '', '', '', '', '', '', '', '', '', '', 0),
(2452, '0134', '15MSU0510T', 'ESIA TECAMACHALCO IPN', '15', 'PÚBLICO', '13', '', '', '', '', '', '', '', '', '', '', '', 0),
(2453, '0135', '21MSU1122T', 'INSTITUTO TECNOLOGICO SUPERIOR DE HUAUCHINANGO', '21', 'PÚBLICO', '07', '', '', '', '', '', '', '', '', '', '', '', 0),
(2454, '0136', '30MSU9068Z', 'INSTITUTO TECNOLOGICO SUPERIOR DE JUAN RODRIGUEZ CLARA', '30', 'PÚBLICO', '07', '', '', '', '', '', '', '', '', '', '', '', 0),
(2455, '0137', '07MSU0027P', 'ESCUELA SUPERIOR DE TRABAJO SOCIAL JESUS AQUINO JUAN', '05', 'PÚBLICO', '15', '', '', '', '', '', '', '', '', '', '', '', 0),
(2456, '0138', '15MSU0210W', 'UNIDAD 151 DE TOLUCA', '15', 'PÚBLICO', '13', '', '', '', '', '', '', '', '', '', '', '', 0),
(2457, '0139', '21MSU1142G', 'INSTITUTO TECNOLOGICO SUPERIOR DE SAN MARTIN TEXMELUCAN', '21', 'PÚBLICO', '07', '', '', '', '', '', '', '', '', '', '', '', 0),
(2458, '0140', '30MSU9069Y', 'INSTITUTO TECNOLOGICO SUPERIOR DE MARTINEZ DE LA TORRE', '30', 'PÚBLICO', '07', '', '', '', '', '', '', '', '', '', '', '', 0),
(2459, '0141', '07MSU0021V', 'ESCUELA DE ENFERMERIA', '05', 'PÚBLICO', '15', '', '', '', '', '', '', '', '', '', '', '', 0),
(2460, '0142', '15MSU0250X', 'UNIDAD 152 DE ATIZAPAN', '15', 'PÚBLICO', '13', '', '', '', '', '', '', '', '', '', '', '', 0),
(2461, '0143', '21MSU1005D', 'INSTITUTO TECNOLOGICO SUPERIOR DE TEPEXI DE RODRIGUEZ', '21', 'PÚBLICO', '07', '', '', '', '', '', '', '', '', '', '', '', 0),
(2462, '0144', '30MSU6070T', 'INSTITUTO TECNOLOGICO SUPERIOR DE NARANJOS', '30', 'PÚBLICO', '07', '', '', '', '', '', '', '', '', '', '', '', 0),
(2463, '0145', '07MSU0140I', 'ESCUELA DE ENFERMERIA TAPACHULA', '05', 'PÚBLICO', '15', '', '', '', '', '', '', '', '', '', '', '', 0),
(2464, '0146', '15MSU0893P', 'UNIDAD 153 DE ECATEPEC', '15', 'PÚBLICO', '13', '', '', '', '', '', '', '', '', '', '', '', 0),
(2465, '0147', '21MSU1205B', 'INSTITUTO TECNOLOGICO SUPERIOR DE VENUSTIANO CARRANZA', '21', 'PÚBLICO', '07', '', '', '', '', '', '', '', '', '', '', '', 0),
(2466, '0148', '30MSU0411L', 'CENTRO DE ESTUDIOS SUPERIORES DE EDUCACION RURAL LUIS HIDALGO MONROY', '30', 'PÚBLICO', '05', '', '', '', '', '', '', '', '', '', '', '', 0),
(2467, '0149', '07MSU0200G', 'ESCUELA SUPERIOR DE TRABAJO SOCIAL JESUS AQUINO JUAN SUBSEDE TAPACHULA', '05', 'PÚBLICO', '15', '', '', '', '', '', '', '', '', '', '', '', 0),
(2468, '0150', '15MSU0128W', 'ESCUELA DE BELLAS ARTES DE TOLUCA', '15', 'PÚBLICO', '15', '', '', '', '', '', '', '', '', '', '', '', 0),
(2469, '0151', '21MSU1204C', 'INSTITUTO TECNOLOGICO SUPERIOR DE LA SIERRA NEGRA DE AJALPAN', '21', 'PÚBLICO', '07', '', '', '', '', '', '', '', '', '', '', '', 0),
(2470, '0152', '30MSU0412K', 'ESCUELA NORMAL JUAN ENRIQUEZ', '30', 'PÚBLICO', '05', '', '', '', '', '', '', '', '', '', '', '', 0),
(2471, '0153', '07MSU0039U', 'UNIVERSIDAD TECNOLÓGICA DE LA SELVA', '05', 'PÚBLICO', '14', '', '', '', '', '', '', '', '', '', '', '', 0),
(2472, '0154', '15MSU0123A', 'ESCUELA DE BELLAS ARTES DE NEZAHUALCOYOTL', '15', 'PÚBLICO', '15', '', '', '', '', '', '', '', '', '', '', '', 0),
(2473, '0155', '21MSU1240H', 'INSTITUTO TECNOLOGICO SUPERIOR DE TLATLAUQUITEPEC', '21', 'PÚBLICO', '07', '', '', '', '', '', '', '', '', '', '', '', 0),
(2474, '0156', '30MSU0415H', 'BENEMERITA ESCUELA NORMAL VERACRUZANA ENRIQUE C. REBSAMEN', '30', 'PÚBLICO', '05', '', '', '', '', '', '', '', '', '', '', '', 0),
(2475, '0157', '07MSU0203D', 'ESCUELA NACIONAL DE PROTECCIÓN CIVIL CAMPUS CHIAPAS', '05', 'PÚBLICO', '15', '', '', '', '', '', '', '', '', '', '', '', 0),
(2476, '0158', '15MSU0129V', 'ESCUELA DE BELLAS ARTES DE TULTEPEC', '15', 'PÚBLICO', '15', '', '', '', '', '', '', '', '', '', '', '', 0),
(2477, '0159', '21MSU9007D', 'ESCUELA NORMAL SUPERIOR DEL ESTADO DE PUEBLA', '21', 'PÚBLICO', '05', '', '', '', '', '', '', '', '', '', '', '', 0),
(2478, '0160', '30MSU0416G', 'ESCUELA NORMAL SUPERIOR VERACRUZANA DR. MANUEL SUAREZ TRUJILLO', '30', 'PÚBLICO', '05', '', '', '', '', '', '', '', '', '', '', '', 0),
(2479, '0161', '07MSU0001H', 'UNIVERSIDAD AUTONOMA DE CHIAPAS', '05', 'PÚBLICO', '11', '', '', '', '', '', '', '', '', '', '', '', 0),
(2480, '0162', '15MSU0124Z', 'ESCUELA DE BELLAS ARTES DE TEJUPILCO', '15', 'PÚBLICO', '15', '', '', '', '', '', '', '', '', '', '', '', 0),
(2481, '0163', '21MSU9005F', 'ESCUELA NORMAL PRIMARIA OFICIAL PROFESOR JESÚS MERINO NIETO', '21', 'PÚBLICO', '05', '', '', '', '', '', '', '', '', '', '', '', 0),
(2482, '0164', '30MSU9071M', 'UNIVERSIDAD POLITECNICA DE HUATUSCO', '30', 'PÚBLICO', '10', '', '', '', '', '', '', '', '', '', '', '', 0),
(2483, '0165', '08MSU0120U', 'ESCUELA DE ANTROPOLOGIA E HISTORIA DEL NORTE DE MEXICO', '06', 'PÚBLICO', '15', '', '', '', '', '', '', '', '', '', '', '', 0),
(2484, '0166', '15MSU0122B', 'ESCUELA DE BELLAS ARTES DE NAUCALPAN', '15', 'PÚBLICO', '15', '', '', '', '', '', '', '', '', '', '', '', 0),
(2485, '0167', '21MSU9002I', 'NORMAL OFICIAL PROFR. LUIS CASARRUBIAS IBARRA', '21', 'PÚBLICO', '05', '', '', '', '', '', '', '', '', '', '', '', 0),
(2486, '0168', '30MSU0080L', 'UNIVERSIDAD PEDAGOGICA VERACRUZANA', '30', 'PÚBLICO', '15', '', '', '', '', '', '', '', '', '', '', '', 0),
(2487, '0169', '08MSU0033Z', 'INSTITUTO TECNOLOGICO DE CHIHUAHUA', '06', 'PÚBLICO', '01', '', '', '', '', '', '', '', '', '', '', '', 0),
(2488, '0170', '15MSU0115S', 'ESCUELA DE BELLAS ARTES DE CAPULHUAC', '15', 'PÚBLICO', '15', '', '', '', '', '', '', '', '', '', '', '', 0),
(2489, '0171', '21MSU9011Q', 'BENEMÉRITO INSTITUTO NORMAL DEL ESTADO GRAL. JUAN CRISÓSTOMO BONILLA', '21', 'PÚBLICO', '05', '', '', '', '', '', '', '', '', '', '', '', 0),
(2490, '0172', '30MSU0253M', 'EL COLEGIO DE VERACRUZ', '30', 'PÚBLICO', '15', '', '', '', '', '', '', '', '', '', '', '', 0),
(2491, '0173', '08MSU0600B', 'INSTITUTO TECNOLOGICO DE PARRAL', '06', 'PÚBLICO', '01', '', '', '', '', '', '', '', '', '', '', '', 0),
(2492, '0174', '15MSU0116R', 'ESCUELA DE BELLAS ARTES DE CHIMALHUACAN 1', '15', 'PÚBLICO', '15', '', '', '', '', '', '', '', '', '', '', '', 0),
(2493, '0175', '21MSU9022W', 'ESCUELA NORMAL OFICIAL LIC. BENITO JUÁREZ', '21', 'PÚBLICO', '05', '', '', '', '', '', '', '', '', '', '', '', 0),
(2494, '0176', '30MSU0987W', 'INSTITUTO CONSORCIO CLAVIJERO', '30', 'PÚBLICO', '15', '', '', '', '', '', '', '', '', '', '', '', 0),
(2495, '0177', '08MSU0680D', 'INSTITUTO TECNOLOGICO DE DELICIAS', '06', 'PÚBLICO', '01', '', '', '', '', '', '', '', '', '', '', '', 0),
(2496, '0178', '15MSU0120D', 'ESCUELA DE BELLAS ARTES DE JILOTEPEC', '15', 'PÚBLICO', '15', '', '', '', '', '', '', '', '', '', '', '', 0),
(2497, '0179', '21MSU9033B', 'ESCUELA NORMAL SUPERIOR DE TEHUACAN', '21', 'PÚBLICO', '05', '', '', '', '', '', '', '', '', '', '', '', 0),
(2498, '0180', '30MSU1012V', 'UNIVERSIDAD POPULAR AUTONOMA DE VERACRUZ', '30', 'PÚBLICO', '15', '', '', '', '', '', '', '', '', '', '', '', 0),
(2499, '0181', '08MSU0070C', 'INSTITUTO TECNOLOGICO DE CHIHUAHUA II', '06', 'PÚBLICO', '01', '', '', '', '', '', '', '', '', '', '', '', 0),
(2500, '0182', '15MSU0121C', 'ESCUELA DE BELLAS ARTES DE JOCOTITLAN', '15', 'PÚBLICO', '15', '', '', '', '', '', '', '', '', '', '', '', 0),
(2501, '0183', '21MSU1219E', 'UNIVERSIDAD POLITECNICA METROPOLITANA DE PUEBLA', '21', 'PÚBLICO', '10', '', '', '', '', '', '', '', '', '', '', '', 0),
(2502, '0184', '30MSU0419D', 'UNIVERSIDAD TECNOLOGICA DEL SURESTE DE VERACRUZ', '30', 'PÚBLICO', '14', '', '', '', '', '', '', '', '', '', '', '', 0),
(2503, '0185', '08MSU9980J', 'INSTITUTO TECNOLOGICO DE CIUDAD CUAUHTEMOC', '06', 'PÚBLICO', '01', '', '', '', '', '', '', '', '', '', '', '', 0),
(2504, '0186', '15MSU0118P', 'ESCUELA DE BELLAS ARTES DE ECATEPEC', '15', 'PÚBLICO', '15', '', '', '', '', '', '', '', '', '', '', '', 0),
(2505, '0187', '21MSU1202E', 'UNIVERSIDAD POLITECNICA DE AMOZOC', '21', 'PÚBLICO', '10', '', '', '', '', '', '', '', '', '', '', '', 0),
(2506, '0188', '30MSU9027Z', 'UNIVERSIDAD TECNOLOGICA DEL CENTRO DE VERACRUZ', '30', 'PÚBLICO', '14', '', '', '', '', '', '', '', '', '', '', '', 0),
(2507, '0189', '08MSU0041H', 'INSTITUTO TECNOLOGICO DE CIUDAD JUAREZ', '06', 'PÚBLICO', '01', '', '', '', '', '', '', '', '', '', '', '', 0),
(2508, '0190', '15MSU0113U', 'ESCUELA DE BELLAS ARTES DE AMECAMECA', '15', 'PÚBLICO', '15', '', '', '', '', '', '', '', '', '', '', '', 0),
(2509, '0191', '21MSU1149Z', 'UNIVERSIDAD POLITECNICA DE PUEBLA', '21', 'PÚBLICO', '10', '', '', '', '', '', '', '', '', '', '', '', 0),
(2510, '0192', '30MSU9063D', 'UNIVERSIDAD TECNOLOGICA DE GUTIERREZ ZAMORA, VER.', '30', 'PÚBLICO', '14', '', '', '', '', '', '', '', '', '', '', '', 0),
(2511, '0193', '08MSU0005C', 'INSTITUTO TECNOLOGICO DE CIUDAD JIMENEZ', '06', 'PÚBLICO', '01', '', '', '', '', '', '', '', '', '', '', '', 0),
(2512, '0194', '15MSU0117Q', 'ESCUELA DE BELLAS ARTES DE CHIMALHUACAN 2', '15', 'PÚBLICO', '15', '', '', '', '', '', '', '', '', '', '', '', 0),
(2513, '0195', '21MSU1066R', 'INSTITUTO DE EDUCACION DIGITAL DEL ESTADO DE PUEBLA', '21', 'PÚBLICO', '15', '', '', '', '', '', '', '', '', '', '', '', 0),
(2514, '0196', '30MSU1051X', 'ESCUELA DE ENFERMERIA NAVAL', '30', 'PÚBLICO', '15', '', '', '', '', '', '', '', '', '', '', '', 0),
(2515, '0197', '08MSU0026P', 'CENTRO DE ACTUALIZACION DEL MAGISTERIO DE CD JUAREZ', '06', 'PÚBLICO', '03', '', '', '', '', '', '', '', '', '', '', '', 0),
(2516, '0198', '15MSU0127X', 'ESCUELA DE BELLAS ARTES DE TEXCOCO 2', '15', 'PÚBLICO', '15', '', '', '', '', '', '', '', '', '', '', '', 0),
(2517, '0199', '21MSU0084Z', 'UNIVERSIDAD DE LA SALUD', '21', 'PÚBLICO', '15', '', '', '', '', '', '', '', '', '', '', '', 0),
(2518, '0200', '30MSU0046E', 'HEROICA ESCUELA NAVAL MILITAR', '30', 'PÚBLICO', '15', '', '', '', '', '', '', '', '', '', '', '', 0),
(2519, '0201', '08MSU0160V', 'NORMAL EXPERIMENTAL MIGUEL HIDALGO', '06', 'PÚBLICO', '05', '', '', '', '', '', '', '', '', '', '', '', 0),
(2520, '0202', '15MSU0126Y', 'ESCUELA DE BELLAS ARTES DE TEXCOCO 1', '15', 'PÚBLICO', '15', '', '', '', '', '', '', '', '', '', '', '', 0),
(2521, '0203', '21MSU0340Z', 'CENTRO DE REHABILITACION Y EDUCACION ESPECIAL', '21', 'PÚBLICO', '15', '', '', '', '', '', '', '', '', '', '', '', 0),
(2522, '0204', '30MSU0079W', 'ESCUELA NAUTICA MERCANTE CAPITAN ALT. FERNANDO SILICEO', '30', 'PÚBLICO', '15', '', '', '', '', '', '', '', '', '', '', '', 0),
(2523, '0205', '08MSU0170B', 'NORMAL RURAL RICARDO FLORES MAGON', '06', 'PÚBLICO', '05', '', '', '', '', '', '', '', '', '', '', '', 0),
(2524, '0206', '15MSU0119O', 'ESCUELA DE BELLAS ARTES DE IXTAPALUCA', '15', 'PÚBLICO', '15', '', '', '', '', '', '', '', '', '', '', '', 0),
(2525, '0207', '21MSU0210G', 'BENEMERITO CONSERVATORIO DE MUSICA DEL ESTADO DE PUEBLA', '21', 'PÚBLICO', '15', '', '', '', '', '', '', '', '', '', '', '', 0),
(2526, '0208', '30MSU1037D', 'CENTRO DE ESTUDIOS E INVESTIGACION EN SEGURIDAD', '30', 'PÚBLICO', '15', '', '', '', '', '', '', '', '', '', '', '', 0),
(2527, '0209', '08MSU0253K', 'UNIVERSIDAD PEDAGOGICA NACIONAL DEL ESTADO DE CHIHUAHUA', '06', 'PÚBLICO', '13', '', '', '', '', '', '', '', '', '', '', '', 0),
(2528, '0210', '15MSU0180S', 'TECNOLOGICO DE ESTUDIOS SUPERIORES DE ECATEPEC', '15', 'PÚBLICO', '07', '', '', '', '', '', '', '', '', '', '', '', 0),
(2529, '0211', '21MSU0250H', 'INSTITUTO DE ARTES VISUALES DEL ESTADO DE PUEBLA', '21', 'PÚBLICO', '15', '', '', '', '', '', '', '', '', '', '', '', 0),
(2530, '0212', '30MSU0940B', 'UNIVERSIDAD VERACRUZANA', '30', 'PÚBLICO', '11', '', '', '', '', '', '', '', '', '', '', '', 0),
(2531, '0213', '08MSU0007A', 'INSTITUTO TECNOLOGICO SUPERIOR DE NUEVO CASAS GRANDES', '06', 'PÚBLICO', '07', '', '', '', '', '', '', '', '', '', '', '', 0),
(2532, '0214', '15MSU0905D', 'TECNOLOGICO DE ESTUDIOS SUPERIORES DE CUAUTITLAN IZCALLI', '15', 'PÚBLICO', '07', '', '', '', '', '', '', '', '', '', '', '', 0),
(2533, '0215', '21MSU1125Q', 'INSTITUTO DE ESTUDIOS SUPERIORES DEL ESTADO', '21', 'PÚBLICO', '15', '', '', '', '', '', '', '', '', '', '', '', 0),
(2534, '0216', '08MSU0180I', 'INSTITUCION BENEMERITA Y CENTENARIA ESCUELA NORMAL DEL ESTADO DE CHIHUAHUA PFR.LUIS URIAS BELDERRAIN', '06', 'PÚBLICO', '05', '', '', '', '', '', '', '', '', '', '', '', 0),
(2535, '0217', '15MSU0904E', 'TECNOLOGICO DE ESTUDIOS SUPERIORES DE COACALCO', '15', 'PÚBLICO', '07', '', '', '', '', '', '', '', '', '', '', '', 0),
(2536, '0218', '21MSU1158H', 'UNIVERSIDAD INTERCULTURAL DEL ESTADO DE PUEBLA', '21', 'PÚBLICO', '09', '', '', '', '', '', '', '', '', '', '', '', 0),
(2537, '0219', '31MSU0250O', 'INSTITUTO TECNOLOGICO DE CONKAL', '31', 'PÚBLICO', '01', '', '', '', '', '', '', '', '', '', '', '', 0),
(2538, '0220', '08MSU0190P', 'ESCUELA NORMAL SUPERIOR PROFR. JOSE E. MEDRANO R.', '06', 'PÚBLICO', '05', '', '', '', '', '', '', '', '', '', '', '', 0),
(2539, '0221', '15MSU0909Z', 'TECNOLOGICO DE ESTUDIOS SUPERIORES DEL ORIENTE DEL ESTADO DE MEXICO', '15', 'PÚBLICO', '07', '', '', '', '', '', '', '', '', '', '', '', 0),
(2540, '0222', '21MSU1160W', 'ESCUELA SUPERIOR DE CIENCIAS Y HUMANIDADES', '21', 'PÚBLICO', '15', '', '', '', '', '', '', '', '', '', '', '', 0),
(2541, '0223', '31MSU0031B', 'INSTITUTO TECNOLOGICO DE TIZIMIN', '31', 'PÚBLICO', '01', '', '', '', '', '', '', '', '', '', '', '', 0),
(2542, '0224', '08MSU0695F', 'UNIVERSIDAD POLITECNICA DE CHIHUAHUA', '06', 'PÚBLICO', '10', '', '', '', '', '', '', '', '', '', '', '', 0),
(2543, '0225', '15MSU0907B', 'TECNOLOGICO DE ESTUDIOS SUPERIORES DE JILOTEPEC', '15', 'PÚBLICO', '07', '', '', '', '', '', '', '', '', '', '', '', 0),
(2544, '0226', '21MSU1173Z', 'UNIVERSIDAD INTERSERRANA DEL ESTADO DE PUEBLA', '21', 'PÚBLICO', '12', '', '', '', '', '', '', '', '', '', '', '', 0),
(2545, '0227', '31MSU0023T', 'INSTITUTO TECNOLOGICO DE MERIDA', '31', 'PÚBLICO', '01', '', '', '', '', '', '', '', '', '', '', '', 0),
(2546, '0228', '08MSU0687X', 'CONSERVATORIO DE MUSICA DE CHIHUAHUA', '06', 'PÚBLICO', '15', '', '', '', '', '', '', '', '', '', '', '', 0),
(2547, '0229', '15MSU0908A', 'TECNOLOGICO DE ESTUDIOS SUPERIORES DE TIANGUISTENCO', '15', 'PÚBLICO', '07', '', '', '', '', '', '', '', '', '', '', '', 0),
(2548, '0230', '21MSU1206A', 'UNIVERSIDAD INTERSERRANA DEL ESTADO DE PUEBLA-CHILCHOTLA', '21', 'PÚBLICO', '12', '', '', '', '', '', '', '', '', '', '', '', 0),
(2549, '0231', '31MSU9009I', 'ESCUELA NORMAL JUAN DE DIOS RODRIGUEZ HEREDIA', '31', 'PÚBLICO', '05', '', '', '', '', '', '', '', '', '', '', '', 0),
(2550, '0232', '08MSU0060W', 'ESCUELA DE TRABAJO SOCIAL GUADALUPE S. DE ARAIZA', '06', 'PÚBLICO', '15', '', '', '', '', '', '', '', '', '', '', '', 0),
(2551, '0233', '15MSU0906C', 'TECNOLOGICO DE ESTUDIOS SUPERIORES DE HUIXQUILUCAN', '15', 'PÚBLICO', '07', '', '', '', '', '', '', '', '', '', '', '', 0),
(2552, '0234', '21MSU1231Z', 'ACADEMIA DE FORMACION Y DESARROLLO POLICIAL PUEBLA INICIATIVA MERIDA GENERAL IGNACIO ZARAGOZA', '21', 'PÚBLICO', '15', '', '', '', '', '', '', '', '', '', '', '', 0),
(2553, '0235', '31MSU9008J', 'ESCUELA NORMAL DE TICUL', '31', 'PÚBLICO', '05', '', '', '', '', '', '', '', '', '', '', '', 0),
(2554, '0236', '08MSU0016I', 'UNIVERSIDAD TECNOLOGICA DE CIUDAD JUAREZ', '06', 'PÚBLICO', '14', '', '', '', '', '', '', '', '', '', '', '', 0),
(2555, '0237', '15MSU0413R', 'TECNOLOGICO DE ESTUDIOS SUPERIORES DE CHALCO', '15', 'PÚBLICO', '07', '', '', '', '', '', '', '', '', '', '', '', 0),
(2556, '0238', '21MSU1247A', 'INSTITUTO DE CAPACITACION Y PROFESIONALIZACION', '21', 'PÚBLICO', '15', '', '', '', '', '', '', '', '', '', '', '', 0),
(2557, '0239', '31MSU9001Q', 'ESCUELA NORMAL DE DZIDZANTUN', '31', 'PÚBLICO', '05', '', '', '', '', '', '', '', '', '', '', '', 0),
(2558, '0240', '08MSU0027O', 'UNIVERSIDAD TECNOLOGICA DE CHIHUAHUA', '06', 'PÚBLICO', '14', '', '', '', '', '', '', '', '', '', '', '', 0),
(2559, '0241', '15MSU0414Q', 'TECNOLOGICO DE ESTUDIOS SUPERIORES DE JOCOTITLAN', '15', 'PÚBLICO', '07', '', '', '', '', '', '', '', '', '', '', '', 0),
(2560, '0242', '21MSU1001H', 'UNIVERSIDAD TECNOLOGICA DE PUEBLA', '21', 'PÚBLICO', '14', '', '', '', '', '', '', '', '', '', '', '', 0),
(2561, '0243', '31MSU0080K', 'UNIVERSIDAD PEDAGOGICA NACIONAL UNIDAD 31-A', '31', 'PÚBLICO', '13', '', '', '', '', '', '', '', '', '', '', '', 0),
(2562, '0244', '08MSU0702Z', 'UNIVERSIDAD TECNOLOGICA DE LA TARAHUMARA', '06', 'PÚBLICO', '14', '', '', '', '', '', '', '', '', '', '', '', 0),
(2563, '0245', '15MSU0911O', 'TECNOLOGICO DE ESTUDIOS SUPERIORES DE VILLA GUERRERO', '15', 'PÚBLICO', '07', '', '', '', '', '', '', '', '', '', '', '', 0),
(2564, '0246', '21MSU1065S', 'UNIVERSIDAD TECNOLOGICA DE IZUCAR DE MATAMOROS', '21', 'PÚBLICO', '14', '', '', '', '', '', '', '', '', '', '', '', 0),
(2565, '0247', '31MSU0039U', 'ESCUELA SUPERIOR DE ARTES DE YUCATAN', '31', 'PÚBLICO', '15', '', '', '', '', '', '', '', '', '', '', '', 0),
(2566, '0248', '08MSU0712F', 'UNIVERSIDAD TECNOLOGICA DE PARRAL', '06', 'PÚBLICO', '14', '', '', '', '', '', '', '', '', '', '', '', 0),
(2567, '0249', '15MSU0912N', 'TECNOLOGICO DE ESTUDIOS SUPERIORES DE VALLE DE BRAVO', '15', 'PÚBLICO', '07', '', '', '', '', '', '', '', '', '', '', '', 0),
(2568, '0250', '21MSU1091Q', 'UNIVERSIDAD TECNOLOGICA DE HUEJOTZINGO', '21', 'PÚBLICO', '14', '', '', '', '', '', '', '', '', '', '', '', 0),
(2569, '0251', '31MSU0018H', 'INSTITUTO TECNOLOGICO SUPERIOR DEL SUR DEL ESTADO DE YUCATAN', '31', 'PÚBLICO', '07', '', '', '', '', '', '', '', '', '', '', '', 0),
(2570, '0252', '08MSU0713E', 'UNIVERSIDAD TECNOLOGICA DE LA BABICORA', '06', 'PÚBLICO', '14', '', '', '', '', '', '', '', '', '', '', '', 0),
(2571, '0253', '15MSU0913M', 'TECNOLOGICO DE ESTUDIOS SUPERIORES DE IXTAPALUCA', '15', 'PÚBLICO', '07', '', '', '', '', '', '', '', '', '', '', '', 0),
(2572, '0254', '21MSU1188B', 'UNIVERSIDAD TECNOLOGICA DE ORIENTAL', '21', 'PÚBLICO', '14', '', '', '', '', '', '', '', '', '', '', '', 0),
(2573, '0255', '31MSU0032A', 'INSTITUTO TECNOLOGICO SUPERIOR DE VALLADOLID', '31', 'PÚBLICO', '07', '', '', '', '', '', '', '', '', '', '', '', 0),
(2574, '0256', '08MSU0716B', 'UNIVERSIDAD TECNOLOGICA DE PAQUIME', '06', 'PÚBLICO', '14', '', '', '', '', '', '', '', '', '', '', '', 0),
(2575, '0257', '15MSU0918H', 'TECNOLOGICO DE ESTUDIOS SUPERIORES DE CHIMALHUACAN', '15', 'PÚBLICO', '07', '', '', '', '', '', '', '', '', '', '', '', 0),
(2576, '0258', '21MSU1280I', 'UNIVERSIDAD TECNOLOGICA BILINGUE INTERNACIONAL Y SUSTENTABLE DE PUEBLA', '21', 'PÚBLICO', '14', '', '', '', '', '', '', '', '', '', '', '', 0),
(2577, '0259', '31MSU0033Z', 'INSTITUTO TECNOLOGICO SUPERIOR DE MOTUL', '31', 'PÚBLICO', '07', '', '', '', '', '', '', '', '', '', '', '', 0),
(2578, '0260', '08MSU0717A', 'UNIVERSIDAD TECNOLOGICA DE CHIHUAHUA SUR', '06', 'PÚBLICO', '14', '', '', '', '', '', '', '', '', '', '', '', 0),
(2579, '0261', '15MSU0919G', 'TECNOLOGICO DE ESTUDIOS SUPERIORES DE SAN FELIPE DEL PROGRESO', '15', 'PÚBLICO', '07', '', '', '', '', '', '', '', '', '', '', '', 0),
(2580, '0262', '21MSU0023M', 'UNIVERSIDAD TECNOLOGICA DE TECAMACHALCO', '21', 'PÚBLICO', '14', '', '', '', '', '', '', '', '', '', '', '', 0),
(2581, '0263', '31MSU0035Y', 'INSTITUTO TECNOLOGICO SUPERIOR DE PROGRESO', '31', 'PÚBLICO', '07', '', '', '', '', '', '', '', '', '', '', '', 0),
(2582, '0264', '08MSU0718Z', 'UNIVERSIDAD TECNOLOGICA PASO DEL NORTE', '06', 'PÚBLICO', '14', '', '', '', '', '', '', '', '', '', '', '', 0),
(2583, '0265', '15MSU0968P', 'TECNOLOGICO DE ESTUDIOS SUPERIORES DE CHICOLOAPAN', '15', 'PÚBLICO', '07', '', '', '', '', '', '', '', '', '', '', '', 0),
(2584, '0266', '21MSU9118I', 'UNIVERSIDAD TECNOLOGICA DE XICOTEPEC DE JUAREZ', '21', 'PÚBLICO', '14', '', '', '', '', '', '', '', '', '', '', '', 0),
(2585, '0267', '31MSU9002P', 'NORMAL DE EDUCACION PREESCOLAR', '31', 'PÚBLICO', '05', '', '', '', '', '', '', '', '', '', '', '', 0),
(2586, '0268', '08MSU0719Z', 'UNIVERSIDAD TECNOLOGICA DE CAMARGO', '06', 'PÚBLICO', '14', '', '', '', '', '', '', '', '', '', '', '', 0),
(2587, '0269', '15MSU0932A', 'UNIVERSIDAD INTERCULTURAL DEL ESTADO DE MEXICO', '15', 'PÚBLICO', '09', '', '', '', '', '', '', '', '', '', '', '', 0),
(2588, '0270', '21MSU1241G', 'UNIVERSIDAD TECNOLOGICA DE TEHUACAN', '21', 'PÚBLICO', '14', '', '', '', '', '', '', '', '', '', '', '', 0),
(2589, '0271', '31MSU0260V', 'ESCUELA NORMAL SUPERIOR DE YUCATAN', '31', 'PÚBLICO', '05', '', '', '', '', '', '', '', '', '', '', '', 0),
(2590, '0272', '08MSU0683A', 'ESCUELA ESTATAL DE POLICIA', '06', 'PÚBLICO', '15', '', '', '', '', '', '', '', '', '', '', '', 0),
(2591, '0273', '15MSU0167Y', 'UNIVERSIDAD INTERCULTURAL DEL ESTADO DE MÉXICO PLANTEL XONACATLÁN', '15', 'PÚBLICO', '09', '', '', '', '', '', '', '', '', '', '', '', 0),
(2592, '0274', '21MSU0014E', 'BENEMERITA UNIVERSIDAD AUTONOMA DE PUEBLA', '21', 'PÚBLICO', '11', '', '', '', '', '', '', '', '', '', '', '', 0),
(2593, '0275', '31MSU9003O', 'RODOLFO MENENDEZ DE LA PEÑA', '31', 'PÚBLICO', '05', '', '', '', '', '', '', '', '', '', '', '', 0),
(2594, '0276', '08MSU9973Z', 'INSTITUTO DE PROFESIONALIZACION POLICIAL', '06', 'PÚBLICO', '15', '', '', '', '', '', '', '', '', '', '', '', 0),
(2595, '0277', '15MSU9003X', 'ESCUELA NORMAL DE EDUCACION ESPECIAL DEL ESTADO DE MEXICO', '15', 'PÚBLICO', '05', '', '', '', '', '', '', '', '', '', '', '', 0),
(2596, '0278', '22MSU0130U', 'ESCUELA DE LAUDERIA', '22', 'PÚBLICO', '15', '', '', '', '', '', '', '', '', '', '', '', 0),
(2597, '0279', '31MSU0630X', 'UNIVERSIDAD POLITECNICA DE YUCATAN', '31', 'PÚBLICO', '10', '', '', '', '', '', '', '', '', '', '', '', 0),
(2598, '0280', '08MSU0017H', 'UNIVERSIDAD AUTONOMA DE CHIHUAHUA', '06', 'PÚBLICO', '11', '', '', '', '', '', '', '', '', '', '', '', 0),
(2599, '0281', '15MSU9032S', 'ESCUELA NORMAL NO. 3 DE TOLUCA', '15', 'PÚBLICO', '05', '', '', '', '', '', '', '', '', '', '', '', 0),
(2600, '0282', '22MSU0024K', 'TECNOLÓGICO NACIONAL DE MÉXICO, CAMPUS QUERÉTARO', '22', 'PÚBLICO', '01', '', '', '', '', '', '', '', '', '', '', '', 0),
(2601, '0283', '31MSU0200G', 'UNIVERSIDAD DE ORIENTE', '31', 'PÚBLICO', '12', '', '', '', '', '', '', '', '', '', '', '', 0),
(2602, '0284', '08MSU0245B', 'UNIVERSIDAD AUTONOMA DE CD JUAREZ UACJ', '06', 'PÚBLICO', '11', '', '', '', '', '', '', '', '', '', '', '', 0),
(2603, '0285', '15MSU9028F', 'ESCUELA NORMAL DE SANTIAGO TIANGUISTENCO', '15', 'PÚBLICO', '05', '', '', '', '', '', '', '', '', '', '', '', 0),
(2604, '0286', '22MSU0070W', 'INSTITUTO TECNOLOGICO DE SAN JUAN DEL RIO', '22', 'PÚBLICO', '01', '', '', '', '', '', '', '', '', '', '', '', 0),
(2605, '0287', '31MSU0026Q', 'UNIVERSIDAD TECNOLOGICA METROPOLITANA', '31', 'PÚBLICO', '14', '', '', '', '', '', '', '', '', '', '', '', 0),
(2606, '0288', '09MSU0205Z', 'INSTITUTO NACIONAL DE ANTROPOLOGIA E HISTORIA', '09', 'PÚBLICO', '15', '', '', '', '', '', '', '', '', '', '', '', 0),
(2607, '0289', '15MSU9005V', 'ESCUELA NORMAL DE CAPULHUAC', '15', 'PÚBLICO', '05', '', '', '', '', '', '', '', '', '', '', '', 0),
(2608, '0290', '22MSU0017A', 'ESCUELA NORMAL SUPERIOR DE QUERÉTARO', '22', 'PÚBLICO', '05', '', '', '', '', '', '', '', '', '', '', '', 0),
(2609, '0291', '31MSU0034Z', 'UNIVERSIDAD TECNOLOGICA REGIONAL DEL SUR', '31', 'PÚBLICO', '14', '', '', '', '', '', '', '', '', '', '', '', 0),
(2610, '0292', '09MSU0221R', 'INSTITUTO NACIONAL DE BELLAS ARTES Y LITERATURA', '09', 'PÚBLICO', '15', '', '', '', '', '', '', '', '', '', '', '', 0),
(2611, '0293', '15MSU9013D', 'ESCUELA NORMAL DE NAUCALPAN', '15', 'PÚBLICO', '05', '', '', '', '', '', '', '', '', '', '', '', 0),
(2612, '0294', '22MSU0090J', 'UNIVERSIDAD PEDAGOGICA NACIONAL', '22', 'PÚBLICO', '13', '', '', '', '', '', '', '', '', '', '', '', 0),
(2613, '0295', '31MSU0390O', 'UNIVERSIDAD TECNOLOGICA DEL CENTRO', '31', 'PÚBLICO', '14', '', '', '', '', '', '', '', '', '', '', '', 0),
(2614, '0296', '09MSU0178T', 'CENTRO DE CAPACITACION CINEMATOGRAFICA, A. C.', '09', 'PÚBLICO', '15', '', '', '', '', '', '', '', '', '', '', '', 0),
(2615, '0297', '15MSU9029E', 'ESCUELA NORMAL DE TLALNEPANTLA', '15', 'PÚBLICO', '05', '', '', '', '', '', '', '', '', '', '', '', 0),
(2616, '0298', '22MSU0033S', 'COLEGIO NACIONAL DE DANZA CONTEMPORANEA', '22', 'PÚBLICO', '15', '', '', '', '', '', '', '', '', '', '', '', 0),
(2617, '0299', '31MSU0440F', 'UNIVERSIDAD TECNOLOGICA DEL PONIENTE', '31', 'PÚBLICO', '14', '', '', '', '', '', '', '', '', '', '', '', 0),
(2618, '0300', '09MSU0222Q', 'SISTEMA NACIONAL DE FOMENTO MUSICAL', '09', 'PÚBLICO', '15', '', '', '', '', '', '', '', '', '', '', '', 0),
(2619, '0301', '15MSU9002Y', 'ESCUELA NORMAL DE ATIZAPAN DE ZARAGOZA', '15', 'PÚBLICO', '05', '', '', '', '', '', '', '', '', '', '', '', 0),
(2620, '0302', '22MSU0021N', 'CENTENARIA Y BENEMERITA ESCUELA NORMAL DEL ESTADO DE QUERETARO ANDRES BALVANERA', '22', 'PÚBLICO', '05', '', '', '', '', '', '', '', '', '', '', '', 0),
(2621, '0303', '31MSU0014L', 'UNIVERSIDAD TECNOLOGICA DEL MAYAB', '31', 'PÚBLICO', '14', '', '', '', '', '', '', '', '', '', '', '', 0),
(2622, '0304', '09MSU0027N', 'INSTITUTO POLITECNICO NACIONAL', '09', 'PÚBLICO', '13', '', '', '', '', '', '', '', '', '', '', '', 0),
(2623, '0305', '15MSU9038M', 'ESCUELA NORMAL DE ZUMPANGO', '15', 'PÚBLICO', '05', '', '', '', '', '', '', '', '', '', '', '', 0),
(2624, '0306', '22MSU0038N', 'UNIVERSIDAD POLITECNICA DE QUERETARO', '22', 'PÚBLICO', '10', '', '', '', '', '', '', '', '', '', '', '', 0),
(2625, '0307', '31MSU0017I', 'INSTITUTO MEXICANO DEL SEGURO SOCIAL', '31', 'PÚBLICO', '15', '', '', '', '', '', '', '', '', '', '', '', 0),
(2626, '0308', '09MSU0214H', 'ESCUELA NORMAL DE ESPECIALIZACION', '09', 'PÚBLICO', '05', '', '', '', '', '', '', '', '', '', '', '', 0),
(2627, '0309', '15MSU9022L', 'ESCUELA NORMAL DE TECAMAC', '15', 'PÚBLICO', '05', '', '', '', '', '', '', '', '', '', '', '', 0),
(2628, '0310', '22MSU0081B', 'UNIVERSIDAD POLITECNICA DE SANTA ROSA JAUREGUI', '22', 'PÚBLICO', '10', '', '', '', '', '', '', '', '', '', '', '', 0),
(2629, '0311', '31MSU0067Q', 'UNIVERSIDAD NACIONAL AUTÓNOMA DE MÉXICO', '31', 'PÚBLICO', '08', '', '', '', '', '', '', '', '', '', '', '', 0),
(2630, '0312', '09MSU0216F', 'ESCUELA NACIONAL DE ENTRENADORES DEPORTIVOS', '09', 'PÚBLICO', '15', '', '', '', '', '', '', '', '', '', '', '', 0),
(2631, '0313', '15MSU9026H', 'ESCUELA NORMAL DE TEOTIHUACAN', '15', 'PÚBLICO', '05', '', '', '', '', '', '', '', '', '', '', '', 0),
(2632, '0314', '22MSU0007U', 'UNIVERSIDAD TECNOLOGICA DE SAN JUAN DEL RIO', '22', 'PÚBLICO', '14', '', '', '', '', '', '', '', '', '', '', '', 0),
(2633, '0315', '31MSU0098J', 'UNIVERSIDAD AUTONOMA DE YUCATAN', '31', 'PÚBLICO', '11', '', '', '', '', '', '', '', '', '', '', '', 0),
(2634, '0316', '09MSU0136U', 'INSTITUTO TECNOLOGICO DE IZTAPALAPA', '09', 'PÚBLICO', '01', '', '', '', '', '', '', '', '', '', '', '', 0),
(2635, '0317', '15MSU9027G', 'ESCUELA NORMAL DE TEXCOCO', '15', 'PÚBLICO', '05', '', '', '', '', '', '', '', '', '', '', '', 0),
(2636, '0318', '22MSU0078O', 'UNIVERSIDAD TECNOLOGICA DE CORREGIDORA', '22', 'PÚBLICO', '14', '', '', '', '', '', '', '', '', '', '', '', 0),
(2637, '0319', '32MSU0025Q', 'INSTITUTO TECNOLOGICO DE ZACATECAS', '32', 'PÚBLICO', '01', '', '', '', '', '', '', '', '', '', '', '', 0),
(2638, '0320', '09MSU0137T', 'INSTITUTO TECNOLOGICO DE TLAHUAC', '09', 'PÚBLICO', '01', '', '', '', '', '', '', '', '', '', '', '', 0),
(2639, '0321', '15MSU9009R', 'ESCUELA NORMAL DE ECATEPEC', '15', 'PÚBLICO', '05', '', '', '', '', '', '', '', '', '', '', '', 0),
(2640, '0322', '22MSU0003Y', 'UNIVERSIDAD TECNOLOGICA DE QUERETARO', '22', 'PÚBLICO', '14', '', '', '', '', '', '', '', '', '', '', '', 0),
(2641, '0323', '32MSU0002F', 'CENTRO DE ACTUALIZACION DEL MAGISTERIO', '32', 'PÚBLICO', '05', '', '', '', '', '', '', '', '', '', '', '', 0),
(2642, '0324', '09MSU0138S', 'INSTITUTO TECNOLOGICO DE MILPA ALTA', '09', 'PÚBLICO', '01', '', '', '', '', '', '', '', '', '', '', '', 0),
(2643, '0325', '15MSU9006U', 'ESCUELA NORMAL DE COACALCO', '15', 'PÚBLICO', '05', '', '', '', '', '', '', '', '', '', '', '', 0),
(2644, '0326', '22MSU0041A', 'INSTITUTO DEL SERVICIO PROFESIONAL DE CARRERA', '22', 'PÚBLICO', '15', '', '', '', '', '', '', '', '', '', '', '', 0),
(2645, '0327', '32MSU0032Z', 'RAFAEL RAMIREZ CASTAÑEDA', '32', 'PÚBLICO', '05', '', '', '', '', '', '', '', '', '', '', '', 0),
(2646, '0328', '09MSU0148Z', 'INSTITUTO TECNOLOGICO DE GUSTAVO A. MADERO', '09', 'PÚBLICO', '01', '', '', '', '', '', '', '', '', '', '', '', 0),
(2647, '0329', '15MSU9015B', 'ESCUELA NORMAL NO. 1 DE NEZAHUALCOYOTL', '15', 'PÚBLICO', '05', '', '', '', '', '', '', '', '', '', '', '', 0),
(2648, '0330', '22MSU0062N', 'UNIVERSIDAD AERONAUTICA EN QUERETARO', '22', 'PÚBLICO', '14', '', '', '', '', '', '', '', '', '', '', '', 0),
(2649, '0331', '32MSU0033Z', 'SALVADOR VARELA RESENDIZ', '32', 'PÚBLICO', '05', '', '', '', '', '', '', '', '', '', '', '', 0),
(2650, '0332', '09MSU0149Y', 'INTITUTO TECNOLOGICO DE IZTAPALAPA II', '09', 'PÚBLICO', '01', '', '', '', '', '', '', '', '', '', '', '', 0),
(2651, '0333', '15MSU9036O', 'ESCUELA NORMAL DE EDUCACIÓN FÍSICA GENERAL IGNACIO M. BETETA', '15', 'PÚBLICO', '05', '', '', '', '', '', '', '', '', '', '', '', 0),
(2652, '0334', '22MSU0016B', 'UNIVERSIDAD AUTONOMA DE QUERETARO', '22', 'PÚBLICO', '11', '', '', '', '', '', '', '', '', '', '', '', 0),
(2653, '0335', '32MSU0034Y', 'GRAL. MATIAS RAMOS SANTOS', '32', 'PÚBLICO', '05', '', '', '', '', '', '', '', '', '', '', '', 0),
(2654, '0336', '09MSU0150N', 'INSTITUTO TECNOLOGICO DE IZTAPALAPA III', '09', 'PÚBLICO', '01', '', '', '', '', '', '', '', '', '', '', '', 0),
(2655, '0337', '15MSU9033R', 'ESCUELA NORMAL SUPERIOR DEL ESTADO DE MEXICO', '15', 'PÚBLICO', '05', '', '', '', '', '', '', '', '', '', '', '', 0),
(2656, '0338', '22MSU0125I', 'UNIVERSIDAD NACIONAL AUTÓNOMA DE MÉXICO', '22', 'PÚBLICO', '08', '', '', '', '', '', '', '', '', '', '', '', 0),
(2657, '0339', '32MSU0021U', 'UNIDAD PROFESIONAL INTERDISCIPLINARIA DE INGENIERIA CAMPUS ZACATECAS DEL INSTITUTO POLITECNICO NAL.', '32', 'PÚBLICO', '13', '', '', '', '', '', '', '', '', '', '', '', 0),
(2658, '0340', '09MSU0151M', 'INSTITUTO TECNOLOGICO DE TLAHUAC II', '09', 'PÚBLICO', '01', '', '', '', '', '', '', '', '', '', '', '', 0),
(2659, '0341', '15MSU9034Q', 'ESCUELA NORMAL NO. 1 DE TOLUCA', '15', 'PÚBLICO', '05', '', '', '', '', '', '', '', '', '', '', '', 0);
INSERT INTO `cat_ies` (`id_cat_ies`, `id_ies`, `dt_clave_ies`, `dt_nombre_ies`, `id_cat_entidad`, `dt_control`, `dt_subsistema`, `dt_subsistema_resp`, `dt_email`, `dt_telefono`, `dt_direccion`, `dt_localidad`, `dt_municipio`, `dt_cp`, `lat`, `lng`, `dt_bajo_modalidad`, `dt_total_egresados`, `dt_estatus`) VALUES
(2660, '0342', '23MSU0015B', 'CENTRO DE EDUCACION CONTINUA UNIDAD CANCUN', '23', 'PÚBLICO', '13', '', '', '', '', '', '', '', '', '', '', '', 0),
(2661, '0343', '32MSU0085E', 'CENTRO REGIONAL UNIVERSITARIO CENTRO NORTE-UACH(CRUCEN)', '32', 'PÚBLICO', '13', '', '', '', '', '', '', '', '', '', '', '', 0),
(2662, '0344', '09MSU0152L', 'INSTITUTO TECNOLOGICO DE TLAHUAC III', '09', 'PÚBLICO', '01', '', '', '', '', '', '', '', '', '', '', '', 0),
(2663, '0345', '15MSU9035P', 'CENTENARIA Y BENEMERITA ESCUELA NORMAL PARA PROFESORES', '15', 'PÚBLICO', '05', '', '', '', '', '', '', '', '', '', '', '', 0),
(2664, '0346', '23MSU0115A', 'INSTITUTO TECNOLOGICO DE CHETUMAL', '23', 'PÚBLICO', '01', '', '', '', '', '', '', '', '', '', '', '', 0),
(2665, '0347', '32MSU0080J', 'UNIVERSIDAD PEDAGOGICA NACIONAL', '32', 'PÚBLICO', '13', '', '', '', '', '', '', '', '', '', '', '', 0),
(2666, '0348', '09MSU0162S', 'INSTITUTO TECNOLOGICO DE TLALPAN', '09', 'PÚBLICO', '01', '', '', '', '', '', '', '', '', '', '', '', 0),
(2667, '0349', '15MSU9039L', 'ESCUELA NORMAL DE CUAUTITLAN IZCALLI', '15', 'PÚBLICO', '05', '', '', '', '', '', '', '', '', '', '', '', 0),
(2668, '0350', '23MSU0105U', 'INSTITUTO TECNOLOGICO DE CANCUN', '23', 'PÚBLICO', '01', '', '', '', '', '', '', '', '', '', '', '', 0),
(2669, '0351', '32MSU0047B', 'ESCUELA ESTATAL DE CONSERVACIÓN Y RESTAURACIÓN DE ZACATECAS REFUGIO REYES', '32', 'PÚBLICO', '15', '', '', '', '', '', '', '', '', '', '', '', 0),
(2670, '0352', '09MSU0163R', 'INSTITUTO TECNOLOGICO DE ALVARO OBREGON', '09', 'PÚBLICO', '01', '', '', '', '', '', '', '', '', '', '', '', 0),
(2671, '0353', '15MSU9019Y', 'ESCUELA NORMAL DE LOS REYES ACAQUILPAN', '15', 'PÚBLICO', '05', '', '', '', '', '', '', '', '', '', '', '', 0),
(2672, '0354', '23MSU0123J', 'INSTITUTO TECNOLOGICO DE LA ZONA MAYA', '23', 'PÚBLICO', '01', '', '', '', '', '', '', '', '', '', '', '', 0),
(2673, '0355', '32MSU0040I', 'INSTITUTO TECNOLOGICO SUPERIOR DE ZACATECAS NORTE', '32', 'PÚBLICO', '07', '', '', '', '', '', '', '', '', '', '', '', 0),
(2674, '0356', '09MSU0164Q', 'INSTITUTO TECNOLOGICO DE MILPA ALTA II', '09', 'PÚBLICO', '01', '', '', '', '', '', '', '', '', '', '', '', 0),
(2675, '0357', '15MSU9018Z', 'ESCUELA NORMAL NO. 3 DE NEZAHUALCÓYOTL', '15', 'PÚBLICO', '05', '', '', '', '', '', '', '', '', '', '', '', 0),
(2676, '0358', '23MSU0003X', 'CENTRO DE ACTUALIZACION DEL MAGISTERIO', '23', 'PÚBLICO', '05', '', '', '', '', '', '', '', '', '', '', '', 0),
(2677, '0359', '32MSU0050P', 'INSTITUTO TECNOLOGICO SUPERIOR DE ZACATECAS SUR', '32', 'PÚBLICO', '07', '', '', '', '', '', '', '', '', '', '', '', 0),
(2678, '0360', '09MSU0172Z', 'INSTITUTO TECNOLOGICO DE GUSTAVO A. MADERO II', '09', 'PÚBLICO', '01', '', '', '', '', '', '', '', '', '', '', '', 0),
(2679, '0361', '15MSU9016A', 'ESCUELA NORMAL NO. 2 DE NEZAHUALCÓYOTL', '15', 'PÚBLICO', '05', '', '', '', '', '', '', '', '', '', '', '', 0),
(2680, '0362', '23MSU9002G', 'JAVIER ROJO GOMEZ', '23', 'PÚBLICO', '05', '', '', '', '', '', '', '', '', '', '', '', 0),
(2681, '0363', '32MSU0010O', 'INSTITUTO TECNOLOGICO SUPERIOR DE FRESNILLO', '32', 'PÚBLICO', '07', '', '', '', '', '', '', '', '', '', '', '', 0),
(2682, '0364', '09MSU0007Z', 'DIRECCION GENERAL DE EDUCACION NORMAL Y ACTUALIZACION DEL MAGISTERIO', '09', 'PÚBLICO', '05', '', '', '', '', '', '', '', '', '', '', '', 0),
(2683, '0365', '15MSU9017Z', 'ESCUELA NORMAL NO. 4 DE NEZAHUALCÓYOTL', '15', 'PÚBLICO', '05', '', '', '', '', '', '', '', '', '', '', '', 0),
(2684, '0366', '23MSU9001H', 'CENTRO REGIONAL DE EDUCACION NORMAL', '23', 'PÚBLICO', '05', '', '', '', '', '', '', '', '', '', '', '', 0),
(2685, '0367', '32MSU0007A', 'INSTITUTO TECNOLOGICO SUPERIOR DE NOCHISTLAN', '32', 'PÚBLICO', '07', '', '', '', '', '', '', '', '', '', '', '', 0),
(2686, '0368', '09MSU0236T', 'ESCUELA NACIONAL PARA MAESTRAS DE JARDINES DE NIñOS', '09', 'PÚBLICO', '05', '', '', '', '', '', '', '', '', '', '', '', 0),
(2687, '0369', '15MSU9008S', 'ESCUELA NORMAL DE CHALCO', '15', 'PÚBLICO', '05', '', '', '', '', '', '', '', '', '', '', '', 0),
(2688, '0370', '23MSU0130T', 'UNIVERSIDAD PEDAGÓGICA NACIONAL UNIDAD 231 CHETUMAL', '23', 'PÚBLICO', '13', '', '', '', '', '', '', '', '', '', '', '', 0),
(2689, '0371', '32MSU0008Z', 'INSTITUTO TECNOLOGICO SUPERIOR DE ZACATECAS OCCIDENTE', '32', 'PÚBLICO', '07', '', '', '', '', '', '', '', '', '', '', '', 0),
(2690, '0372', '09MSU0219C', 'ESCUELA SUPERIOR DE EDUCACION FISICA', '09', 'PÚBLICO', '05', '', '', '', '', '', '', '', '', '', '', '', 0),
(2691, '0373', '15MSU9001Z', 'ESCUELA NORMAL DE AMECAMECA', '15', 'PÚBLICO', '05', '', '', '', '', '', '', '', '', '', '', '', 0),
(2692, '0374', '23MSU0005V', 'INSTITUTO TECNOLOGICO SUPERIOR DE FELIPE CARRILLO PUERTO', '23', 'PÚBLICO', '07', '', '', '', '', '', '', '', '', '', '', '', 0),
(2693, '0375', '32MSU0083G', 'INSTITUTO TECNOLOGICO SUPERIOR DE LORETO, ZAC.', '32', 'PÚBLICO', '07', '', '', '', '', '', '', '', '', '', '', '', 0),
(2694, '0376', '09MSU0203B', 'BENEMERITA ESCUELA NACIONAL DE MAESTROS', '09', 'PÚBLICO', '05', '', '', '', '', '', '', '', '', '', '', '', 0),
(2695, '0377', '15MSU9030U', 'ESCUELA NORMAL DE SANTA ANA ZICATECOYAN', '15', 'PÚBLICO', '05', '', '', '', '', '', '', '', '', '', '', '', 0),
(2696, '0378', '23MSU0024J', 'UNIVERSIDAD INTERCULTURAL MAYA DE QUINTANA ROO', '23', 'PÚBLICO', '09', '', '', '', '', '', '', '', '', '', '', '', 0),
(2697, '0379', '32MSU0018G', 'INSTITUTO TECNOLOGICO SUPERIOR DE JEREZ', '32', 'PÚBLICO', '07', '', '', '', '', '', '', '', '', '', '', '', 0),
(2698, '0380', '09MSU0220S', 'ESCUELA NORMAL SUPERIOR DE MEXICO', '09', 'PÚBLICO', '05', '', '', '', '', '', '', '', '', '', '', '', 0),
(2699, '0381', '15MSU9023K', 'ESCUELA NORMAL DE TEJUPILCO', '15', 'PÚBLICO', '05', '', '', '', '', '', '', '', '', '', '', '', 0),
(2700, '0382', '23MSU0038M', 'UNIVERSIDAD POLITECNICA DE QUINTANA ROO', '23', 'PÚBLICO', '10', '', '', '', '', '', '', '', '', '', '', '', 0),
(2701, '0383', '32MSU0031A', 'MANUEL AVILA CAMACHO', '32', 'PÚBLICO', '05', '', '', '', '', '', '', '', '', '', '', '', 0),
(2702, '0384', '09MSU0027N', 'INSTITUTO POLITECNICO NACIONAL', '09', 'PÚBLICO', '02', '', '', '', '', '', '', '', '', '', '', '', 0),
(2703, '0385', '15MSU9020N', 'ESCUELA NORMAL DE SAN FELIPE DEL PROGRESO', '15', 'PÚBLICO', '05', '', '', '', '', '', '', '', '', '', '', '', 0),
(2704, '0386', '23MSU0049S', 'UNIVERSIDAD POLITECNICA DE BACALAR', '23', 'PÚBLICO', '10', '', '', '', '', '', '', '', '', '', '', '', 0),
(2705, '0387', '32MSU0009Z', 'UNIVERSIDAD POLITECNICA DEL SUR DE ZACATECAS', '32', 'PÚBLICO', '10', '', '', '', '', '', '', '', '', '', '', '', 0),
(2706, '0388', '09MSU0155I', 'UNIVERSIDAD ABIERTA Y A DISTANCIA DE MEXICO (UNAD DE MEXICO)', '09', 'PÚBLICO', '13', '', '', '', '', '', '', '', '', '', '', '', 0),
(2707, '0389', '15MSU9004W', 'ESCUELA NORMAL DE ATLACOMULCO PROFESORA EVANGELINA ALCANTARA DÍAZ', '15', 'PÚBLICO', '05', '', '', '', '', '', '', '', '', '', '', '', 0),
(2708, '0390', '23MSU0140Z', 'UNIVERSIDAD DE QUINTANA ROO', '23', 'PÚBLICO', '11', '', '', '', '', '', '', '', '', '', '', '', 0),
(2709, '0391', '32MSU0082H', 'UNIVERSIDAD POLITECNICA DE ZACATECAS', '32', 'PÚBLICO', '10', '', '', '', '', '', '', '', '', '', '', '', 0),
(2710, '0392', '09MSU0132Y', 'EL COLEGIO DE MEXICO A.C.', '09', 'PÚBLICO', '13', '', '', '', '', '', '', '', '', '', '', '', 0),
(2711, '0393', '15MSU9011F', 'ESCUELA NORMAL DE IXTLAHUACA', '15', 'PÚBLICO', '05', '', '', '', '', '', '', '', '', '', '', '', 0),
(2712, '0394', '23MSU0008S', 'ESCUELA DE TERAPIA FÍSICA DR. ALFONSO TOHEN ZAMUDIO', '23', 'PÚBLICO', '15', '', '', '', '', '', '', '', '', '', '', '', 0),
(2713, '0395', '32MSU0001G', 'ESCUELA DE TRABAJO SOCIAL', '32', 'PÚBLICO', '15', '', '', '', '', '', '', '', '', '', '', '', 0),
(2714, '0396', '09MSU3470S', 'CENTRO DE INVESTIGACION Y DOCENCIA ECONOMICAS, A.C.', '09', 'PÚBLICO', '13', '', '', '', '', '', '', '', '', '', '', '', 0),
(2715, '0397', '15MSU9010G', 'ESCUELA NORMAL DE IXTAPAN DE LA SAL', '15', 'PÚBLICO', '05', '', '', '', '', '', '', '', '', '', '', '', 0),
(2716, '0398', '23MSU0012E', 'UNIVERSIDAD DEL CARIBE', '23', 'PÚBLICO', '12', '', '', '', '', '', '', '', '', '', '', '', 0),
(2717, '0399', '32MSU0004D', 'ESCUELA DE ENFERMERIA BEATRIZ GONZALEZ ORTEGA', '32', 'PÚBLICO', '15', '', '', '', '', '', '', '', '', '', '', '', 0),
(2718, '0400', '09MSU0540C', 'INSTITUTO DE INVESTIGACIONES DR JOSE MARIA LUIS MORA', '09', 'PÚBLICO', '02', '', '', '', '', '', '', '', '', '', '', '', 0),
(2719, '0401', '15MSU9024J', 'ESCUELA NORMAL DE TENANCINGO', '15', 'PÚBLICO', '05', '', '', '', '', '', '', '', '', '', '', '', 0),
(2720, '0402', '23MSU0007T', 'UNIVERSIDAD TECNOLOGICA DE CANCUN', '23', 'PÚBLICO', '14', '', '', '', '', '', '', '', '', '', '', '', 0),
(2721, '0403', '32MSU0058H', 'INSTITUTO DE FORMACION PROFESIONAL', '32', 'PÚBLICO', '15', '', '', '', '', '', '', '', '', '', '', '', 0),
(2722, '0404', '09MSU0408V', 'UNIVERSIDAD PEDAGOGICA NACIONAL', '09', 'PÚBLICO', '13', '', '', '', '', '', '', '', '', '', '', '', 0),
(2723, '0405', '15MSU9007T', 'ESCUELA NORMAL DE COATEPEC HARINAS', '15', 'PÚBLICO', '05', '', '', '', '', '', '', '', '', '', '', '', 0),
(2724, '0406', '23MSU0023K', 'UNIVERSIDAD TECNOLOGICA DE LA RIVIERA MAYA', '23', 'PÚBLICO', '14', '', '', '', '', '', '', '', '', '', '', '', 0),
(2725, '0407', '32MSU0003E', 'UNIVERSIDAD TECNOLOGICA DEL ESTADO DE ZACATECAS', '32', 'PÚBLICO', '14', '', '', '', '', '', '', '', '', '', '', '', 0),
(2726, '0408', '09MSU0325M', 'CIRKO DE MENTE', '09', 'PÚBLICO', '15', 'Universidades Públicas Federales', 'GREGER', 'GRE', 'GREGER', 'GREGRE', 'GREGE', 'GRE', '', '', 'GRE', 'FERF', 0),
(2727, '0409', '15MSU9021M', 'ESCUELA NORMAL DE SULTEPEC', '15', 'PÚBLICO', '05', '', '', '', '', '', '', '', '', '', '', '', 0),
(2728, '0410', '23MSU0040A', 'UNIVERSIDAD TECNOLOGICA DE CHETUMAL', '23', 'PÚBLICO', '14', '', '', '', '', '', '', '', '', '', '', '', 0),
(2729, '0411', '32MSU0017H', 'UNIVERSIDAD AUTONOMA DE ZACATECAS', '32', 'PÚBLICO', '11', '', '', '', '', '', '', '', '', '', '', '', 0),
(2730, '0412', '09MSU0120T', 'CENTRO CULTURAL OLLIN YOLIZTLI', '09', 'PÚBLICO', '15', '', '', '', '', '', '', '', '', '', '', '', 0),
(2731, '0413', '15MSU9037N', 'ESCUELA NORMAL DE VALLE DE BRAVO', '15', 'PÚBLICO', '05', '', '', '', '', '', '', '', '', '', '', '', 0),
(2732, '0414', '24MSU0223H', 'INSTITUTO TECNOLOGICO DE SAN LUIS POTOSI', '24', 'PÚBLICO', '01', '', '', '', '', '', '', '', '', '', '', '', 0),
(2733, '0415', '09MSU0075X', 'UNIVERSIDAD AUTÓNOMA DE LA CIUDAD DE MÉXICO', '09', 'PÚBLICO', '15', '', '', '', '', '', '', '', '', '', '', '', 0),
(2734, '0416', '15MSU9012E', 'ESCUELA NORMAL DE JILOTEPEC', '15', 'PÚBLICO', '05', '', '', '', '', '', '', '', '', '', '', '', 0),
(2735, '0417', '24MSU0230R', 'INSTITUTO TECNOLOGICO DE MATEHUALA', '24', 'PÚBLICO', '01', '', '', '', '', '', '', '', '', '', '', '', 0),
(2736, '0418', '09MSU0246Z', 'INSTITUTO DE EDUCACIÓN SUPERIOR DE LA POLICÍA AUXILIAR DE LA CIUDAD DE MÉXICO', '09', 'PÚBLICO', '15', '', '', '', '', '', '', '', '', '', '', '', 0),
(2737, '0419', '15MSU0933Z', 'UNIVERSIDAD POLITECNICA DEL VALLE DE MEXICO', '15', 'PÚBLICO', '10', '', '', '', '', '', '', '', '', '', '', '', 0),
(2738, '0420', '24MSU0040Z', 'INSTITUTO TECNOLOGICO DE CIUDAD VALLES', '24', 'PÚBLICO', '01', '', '', '', '', '', '', '', '', '', '', '', 0),
(2739, '0421', '09MSU0340E', 'INSTITUTO DE ESTUDIOS SUPERIORES DE LA CIUDAD DE MÉXICO ROSARIO CASTELLANOS CAMPUS GAM', '09', 'PÚBLICO', '15', '', '', '', '', '', '', '', '', '', '', '', 0),
(2740, '0422', '15MSU0941I', 'UNIVERSIDAD POLITECNICA DEL VALLE DE TOLUCA', '15', 'PÚBLICO', '10', '', '', '', '', '', '', '', '', '', '', '', 0),
(2741, '0423', '24MSU0001Y', 'ESCUELA NORMAL DE ESTUDIOS SUPERIORES DEL MAGISTERIO POTOSINO', '24', 'PÚBLICO', '05', '', '', '', '', '', '', '', '', '', '', '', 0),
(2742, '0424', '01MSU0007H', 'INSTITUTO ESTATAL DE SEGURIDAD PUBLICA DE AGUASCALIENTES', '01', 'PÚBLICO', '15', '', '', '', '', '', '', '', '', '', '', '', 0),
(2743, '0425', '09MSU0349W', 'UNIVERSIDAD DE LA SALUD', '09', 'PÚBLICO', '15', '', '', '', '', '', '', '', '', '', '', '', 0),
(2744, '0426', '15MSU9053E', 'UNIVERSIDAD POLITECNICA DE TECAMAC', '15', 'PÚBLICO', '10', '', '', '', '', '', '', '', '', '', '', '', 0),
(2745, '0427', '24MSU0008R', 'CENTRO REGIONAL DE EDUCACION NORMAL PROFA. AMINA MADERA LAUTERIO', '24', 'PÚBLICO', '05', '', '', '', '', '', '', '', '', '', '', '', 0),
(2746, '0428', '02MSU0052T', 'CENTRO DE EDUCACION CONTINUA, UNIDAD TIJUANA', '02', 'PÚBLICO', '13', '', '', '', '', '', '', '', '', '', '', '', 0),
(2747, '0429', '09MSU0186B', 'UNIVERSIDAD DE LA POLICÍA DE LA CIUDAD DE MÉXICO', '09', 'PÚBLICO', '15', '', '', '', '', '', '', '', '', '', '', '', 0),
(2748, '0430', '15MSU0955L', 'UNIVERSIDAD POLITECNICA DE TEXCOCO', '15', 'PÚBLICO', '10', '', '', '', '', '', '', '', '', '', '', '', 0),
(2749, '0431', '24MSU0003W', 'ESCUELA NORMAL DE LA HUASTECA POTOSINA', '24', 'PÚBLICO', '05', '', '', '', '', '', '', '', '', '', '', '', 0),
(2750, '0432', '09MSU0088A', 'ESCUELA DE ENFERMERIA CENTRO MEDICO NACIONAL SIGLO XXI - IMSS', '09', 'PÚBLICO', '15', '', '', '', '', '', '', '', '', '', '', '', 0),
(2751, '0433', '15MSU0965S', 'UNIVERSIDAD POLITECNICA DE ATLAUTLA', '15', 'PÚBLICO', '10', '', '', '', '', '', '', '', '', '', '', '', 0),
(2752, '0434', '24MSU0009Q', 'ESCUELA NORMAL EXPERIMENTAL NORMALISMO MEXICANO', '24', 'PÚBLICO', '05', '', '', '', '', '', '', '', '', '', '', '', 0),
(2753, '0435', '09MSU0262R', 'UNIVERSIDAD DEL EJERCITO Y FUERZA AEREA', '09', 'PÚBLICO', '15', '', '', '', '', '', '', '', '', '', '', '', 0),
(2754, '0436', '15MSU0001Q', 'UNIVERSIDAD POLITECNICA DE ATLACOMULCO', '15', 'PÚBLICO', '10', '', '', '', '', '', '', '', '', '', '', '', 0),
(2755, '0437', '24MSU0160M', 'EL COLEGIO DE SAN LUIS, A. C.', '24', 'PÚBLICO', '02', '', '', '', '', '', '', '', '', '', '', '', 0),
(2756, '0438', '09MSU0003D', 'ESCUELA DE ENFERMERÍA DE LA CIUDAD DE MÉXICO', '09', 'PÚBLICO', '15', '', '', '', '', '', '', '', '', '', '', '', 0),
(2757, '0439', '15MSU0966R', 'UNIVERSIDAD POLITECNICA DE CUAUTITLAN IZCALLI', '15', 'PÚBLICO', '10', '', '', '', '', '', '', '', '', '', '', '', 0),
(2758, '0440', '24MSU0070U', 'UNIVERSIDAD PEDAGOGICA NACIONAL UNIDAD 241', '24', 'PÚBLICO', '13', '', '', '', '', '', '', '', '', '', '', '', 0),
(2759, '0441', '02MSU0026V', 'CENTRO DE INVESTIGACION Y DESARROLLO DE TECNOLOGIA DIGITAL DEL IPN', '02', 'PÚBLICO', '13', '', '', '', '', '', '', '', '', '', '', '', 0),
(2760, '0442', '09MSU0005B', 'ESCUELA DE ENFERMERIA MARIA ELENA MAZA BRITO DEL INCMNSZ', '09', 'PÚBLICO', '15', '', '', '', '', '', '', '', '', '', '', '', 0),
(2761, '0443', '15MSU0967Q', 'UNIVERSIDAD POLITECNICA DE OTZOLOTEPEC', '15', 'PÚBLICO', '10', '', '', '', '', '', '', '', '', '', '', '', 0),
(2762, '0444', '24MSU0080A', 'UNIVERSIDAD PEDAGOGICA NACIONAL UNIDAD 242', '24', 'PÚBLICO', '13', '', '', '', '', '', '', '', '', '', '', '', 0),
(2763, '0445', '02MSU0024X', 'CENTRO DE INVESTIGACION CIENTIFICA Y EDUCACION SUPERIOR DE ENSENADA', '02', 'PÚBLICO', '02', '', '', '', '', '', '', '', '', '', '', '', 0),
(2764, '0446', '09MSU0014J', 'ESCUELA DE ENFERMERIA DE LA SECRETARIA DE SALUD', '09', 'PÚBLICO', '15', '', '', '', '', '', '', '', '', '', '', '', 0),
(2765, '0447', '15MSU0969O', 'UNIVERSIDAD POLITECNICA DE CHIMALHUACAN', '15', 'PÚBLICO', '10', '', '', '', '', '', '', '', '', '', '', '', 0),
(2766, '0448', '24MSU0190G', 'INSTITUTO TECNOLOGICO SUPERIOR DE TAMAZUNCHALE', '24', 'PÚBLICO', '07', '', '', '', '', '', '', '', '', '', '', '', 0),
(2767, '0449', '02MSU0025W', 'EL COLEGIO DE LA FRONTERA NORTE, A.C.', '02', 'PÚBLICO', '02', '', '', '', '', '', '', '', '', '', '', '', 0),
(2768, '0450', '09MSU0011M', 'INSTITUTO DE FORMACION PROFESIONAL DE LA PGJDF', '09', 'PÚBLICO', '15', '', '', '', '', '', '', '', '', '', '', '', 0),
(2769, '0451', '15MSU9059Z', 'UNIVERSIDAD DIGITAL DEL ESTADO DE MEXICO', '15', 'PÚBLICO', '15', '', '', '', '', '', '', '', '', '', '', '', 0),
(2770, '0452', '24MSU0010F', 'INSTITUTO TECNOLOGICO SUPERIOR DE RIOVERDE', '24', 'PÚBLICO', '07', '', '', '', '', '', '', '', '', '', '', '', 0),
(2771, '0453', '09MSU0480E', 'INSTITUTO NACIONAL DE CARDIOLOGIA DR. IGNACIO CHAVEZ', '09', 'PÚBLICO', '15', '', '', '', '', '', '', '', '', '', '', '', 0),
(2772, '0454', '15MSU0923T', 'UNIVERSIDAD ESTATAL DEL VALLE DE ECATEPEC', '15', 'PÚBLICO', '12', '', '', '', '', '', '', '', '', '', '', '', 0),
(2773, '0455', '24MSU0330Q', 'INSTITUTO TECNOLOGICO SUPERIOR DE SAN LUIS POTOSI, CAPITAL', '24', 'PÚBLICO', '07', '', '', '', '', '', '', '', '', '', '', '', 0),
(2774, '0456', '09MSU0198G', 'INSTITUTO NACIONAL DE ENFERMEDADES RESPIRATORIAS ISMAEL COSIO VILLEGAS', '09', 'PÚBLICO', '15', '', '', '', '', '', '', '', '', '', '', '', 0),
(2775, '0457', '15MSU0944F', 'UNIVERSIDAD ESTATAL DEL VALLE DE TOLUCA', '15', 'PÚBLICO', '12', '', '', '', '', '', '', '', '', '', '', '', 0),
(2776, '0458', '24MSU0570P', 'INSTITUTO TECNOLOGICO SUPERIOR DE EBANO, S.L.P.', '24', 'PÚBLICO', '07', '', '', '', '', '', '', '', '', '', '', '', 0),
(2777, '0459', '09MSU0310K', 'ESCUELA DE DIETETICA Y NUTRICION DEL ISSSTE', '09', 'PÚBLICO', '15', '', '', '', '', '', '', '', '', '', '', '', 0),
(2778, '0460', '15MSU0945E', 'UNIVERSIDAD MEXIQUENSE DEL BICENTENARIO', '15', 'PÚBLICO', '12', '', '', '', '', '', '', '', '', '', '', '', 0),
(2779, '0461', '24MSU0610Z', 'UNIVERSIDAD INTERCULTURAL DE SAN LUIS POTOSI', '24', 'PÚBLICO', '09', '', '', '', '', '', '', '', '', '', '', '', 0),
(2780, '0462', '09MSU0700Z', 'INSTITUTO NACIONAL DE SALUD, HOSPITAL INFANTIL DE MEXICO FEDERICO GOMEZ', '09', 'PÚBLICO', '15', '', '', '', '', '', '', '', '', '', '', '', 0),
(2781, '0463', '15MSU0280R', 'CONSERVATORIO DE MUSICA DEL ESTADO DE MEXICO', '15', 'PÚBLICO', '15', '', '', '', '', '', '', '', '', '', '', '', 0),
(2782, '0464', '24MSU0002X', 'BENEMERITA Y CENTENARIA ESCUELA NORMAL DEL ESTADO DE SAN LUIS POTOSI', '24', 'PÚBLICO', '05', '', '', '', '', '', '', '', '', '', '', '', 0),
(2783, '0465', '02MSU0041N', 'CENTRO DE CAPACITACION DE ESTUDIOS FISCALES Y FINANZAS PUBLICA', '02', 'PÚBLICO', '15', '', '', '', '', '', '', '', '', '', '', '', 0),
(2784, '0466', '09MSU1170H', 'CENTRO DE REHABILITACION DEL DIF IZTAPALAPA', '09', 'PÚBLICO', '15', '', '', '', '', '', '', '', '', '', '', '', 0),
(2785, '0467', '15MSU0910P', 'UNIVERSIDAD TECNOLOGICA DEL SUR DEL ESTADO DE MEXICO', '15', 'PÚBLICO', '14', '', '', '', '', '', '', '', '', '', '', '', 0),
(2786, '0468', '24MSU0240Y', 'UNIVERSIDAD POLITECNICA DE SAN LUIS POTOSI', '24', 'PÚBLICO', '10', '', '', '', '', '', '', '', '', '', '', '', 0),
(2787, '0469', '09MSU1180O', 'CENTRO DE REHABILITACION ZAPATA GABY BRIMMER', '09', 'PÚBLICO', '15', '', '', '', '', '', '', '', '', '', '', '', 0),
(2788, '0470', '15MSU0860Y', 'UNIVERSIDAD TECNOLOGICA DE NEZAHUALCOYOTL', '15', 'PÚBLICO', '14', '', '', '', '', '', '', '', '', '', '', '', 0),
(2789, '0471', '24MSU8880V', 'SISTEMA EDUCATIVO ESTATAL REGULAR', '24', 'PÚBLICO', '15', '', '', '', '', '', '', '', '', '', '', '', 0),
(2790, '0472', '03MSU0031F', 'CENTRO INTERDISCIPLINARIO DE CIENCIAS MARINAS DEL I.P.', '03', 'PÚBLICO', '13', '', '', '', '', '', '', '', '', '', '', '', 0),
(2791, '0473', '09MSU1280N', 'UNIVERSIDAD NAVAL', '09', 'PÚBLICO', '15', '', '', '', '', '', '', '', '', '', '', '', 0),
(2792, '0474', '15MSU0922U', 'UNIVERSIDAD TECNOLOGICA DEL VALLE DE TOLUCA', '15', 'PÚBLICO', '14', '', '', '', '', '', '', '', '', '', '', '', 0),
(2793, '0475', '24MSU0480X', 'INSTITUTO POTOSINO DE BELLAS ARTES', '24', 'PÚBLICO', '15', '', '', '', '', '', '', '', '', '', '', '', 0),
(2794, '0476', '03MSU0004I', 'CENTRO DE INVESTIGACIONES BIOLÓGICAS DEL NOROESTE, S.C.', '03', 'PÚBLICO', '02', '', '', '', '', '', '', '', '', '', '', '', 0),
(2795, '0477', '09MSU1290U', 'INSTITUTO NACIONAL DE REHABILITACION', '09', 'PÚBLICO', '15', '', '', '', '', '', '', '', '', '', '', '', 0),
(2796, '0478', '15MSU0019P', 'UNIVERSIDAD TECNOLOGICA FIDEL VELAZQUEZ', '15', 'PÚBLICO', '14', '', '', '', '', '', '', '', '', '', '', '', 0),
(2797, '0479', '24MSU0200X', 'UNIVERSIDAD TECNOLOGICA DE SAN LUIS POTOSI', '24', 'PÚBLICO', '14', '', '', '', '', '', '', '', '', '', '', '', 0),
(2798, '0480', '09MSU0084E', 'UNIVERSIDAD AUTONOMA METROPOLITANA', '09', 'PÚBLICO', '13', '', '', '', '', '', '', '', '', '', '', '', 0),
(2799, '0481', '15MSU0021D', 'UNIVERSIDAD TECNOLOGICA DE TECAMAC', '15', 'PÚBLICO', '14', '', '', '', '', '', '', '', '', '', '', '', 0),
(2800, '0482', '24MSU0013C', 'UNIVERSIDAD TECNOLÓGICA METROPOLITANA DE SAN LUIS POTOSÍ', '24', 'PÚBLICO', '14', '', '', '', '', '', '', '', '', '', '', '', 0),
(2801, '0483', '03MSU0016N', 'SECRETARÍA DE MARINA UNIVERSIDAD NAVAL', '03', 'PÚBLICO', '15', '', '', '', '', '', '', '', '', '', '', '', 0),
(2802, '0484', '09MSU0019E', 'UNIVERSIDAD NACIONAL AUTÓNOMA DE MÉXICO', '09', 'PÚBLICO', '08', '', '', '', '', '', '', '', '', '', '', '', 0),
(2803, '0485', '15MSU0970D', 'UNIVERSIDAD TECNOLOGICA DE ZINACANTEPEC', '15', 'PÚBLICO', '14', '', '', '', '', '', '', '', '', '', '', '', 0),
(2804, '0486', '24MSU0011E', 'UNIVERSIDAD AUTONOMA DE SAN LUIS POTOSI', '24', 'PÚBLICO', '11', '', '', '', '', '', '', '', '', '', '', '', 0),
(2805, '0487', '10MSU0125D', 'INSTITUTO TECNOLOGICO DEL VALLE DEL GUADIANA', '10', 'PÚBLICO', '01', '', '', '', '', '', '', '', '', '', '', '', 0),
(2806, '0488', '15MSU0857K', 'COLEGIO DE POSGRADUADOS CAMPUS MONTECILLO', '15', 'PÚBLICO', '15', '', '', '', '', '', '', '', '', '', '', '', 0),
(2807, '0489', '25MSU0389O', 'INSTITUTO TECNOLOGICO DE LOS MOCHIS', '25', 'PÚBLICO', '01', '', '', '', '', '', '', '', '', '', '', '', 0),
(2808, '0490', '04MSU0010S', 'EL COLEGIO DE LA FRONTERA SUR', '04', 'PÚBLICO', '02', '', '', '', '', '', '', '', '', '', '', '', 0),
(2809, '0491', '10MSU0141V', 'INSTITUTO TECNOLOGICO DE EL SALTO', '10', 'PÚBLICO', '01', '', '', '', '', '', '', '', '', '', '', '', 0),
(2810, '0492', '15MSU9999R', 'ESCUELA DE TERAPIAS DEL CREE DEL DIFEM', '15', 'PÚBLICO', '15', '', '', '', '', '', '', '', '', '', '', '', 0),
(2811, '0493', '25MSU0021K', 'INSTITUTO TECNOLOGICO CULIACAN', '25', 'PÚBLICO', '01', '', '', '', '', '', '', '', '', '', '', '', 0),
(2812, '0494', '04MSU0019J', 'COLEGIO DE POSTGRADUADOS CAMPUS CAMPECHE', '04', 'PÚBLICO', '15', '', '', '', '', '', '', '', '', '', '', '', 0),
(2813, '0495', '10MSU0028B', 'INSTITUTO TECNOLOGICO DE DURANGO', '10', 'PÚBLICO', '01', '', '', '', '', '', '', '', '', '', '', '', 0),
(2814, '0496', '15MSU0012W', 'UNIVERSIDAD AUTONOMA DEL ESTADO DE MEXICO', '15', 'PÚBLICO', '11', '', '', '', '', '', '', '', '', '', '', '', 0),
(2815, '0497', '25MSU0460I', 'INSTITUTO TECNOLOGICO DE MAZATLAN', '25', 'PÚBLICO', '01', '', '', '', '', '', '', '', '', '', '', '', 0),
(2816, '0498', '04MSU0026T', 'ESCUELA JUDICIAL DEL ESTADO DE CAMPECHE', '04', 'PÚBLICO', '15', '', '', '', '', '', '', '', '', '', '', '', 0),
(2817, '0499', '10MSU0009N', 'CENTRO DE ACTUALIZACION DEL MAGISTERIO', '10', 'PÚBLICO', '05', '', '', '', '', '', '', '', '', '', '', '', 0),
(2818, '0500', '15MSU0020E', 'UNIVERSIDAD AUTONOMA DE CHAPINGO', '15', 'PÚBLICO', '13', '', '', '', '', '', '', '', '', '', '', '', 0),
(2819, '0501', '25MSU0097Z', 'INSTITUTO TECNOLOGICO DE SINALOA DE LEYVA', '25', 'PÚBLICO', '01', '', '', '', '', '', '', '', '', '', '', '', 0),
(2820, '0502', '04MSU0031E', 'INSTITUTO DE ESTUDIOS EN DERECHOS HUMANOS', '04', 'PÚBLICO', '15', '', '', '', '', '', '', '', '', '', '', '', 0),
(2821, '0503', '10MSU0018V', 'JOSE GUADALUPE AGUILERA', '10', 'PÚBLICO', '05', '', '', '', '', '', '', '', '', '', '', '', 0),
(2822, '0504', '15MSU3013P', 'UNIVERSIDAD AUTONOMA METROPOLITANA UNIDAD LERMA', '15', 'PÚBLICO', '13', '', '', '', '', '', '', '', '', '', '', '', 0),
(2823, '0505', '25MSU0010E', 'CENTRO DE ACTUALIZACION DEL MAGISTERIO UNIDAD CULIACAN', '25', 'PÚBLICO', '15', '', '', '', '', '', '', '', '', '', '', '', 0),
(2824, '0506', '05MSU0020Y', 'CENTRO DE INVESTIGACION Y DE ESTUDIOS AVANZADOS DEL IPN UNIDAD SALTILLO', '07', 'PÚBLICO', '02', '', '', '', '', '', '', '', '', '', '', '', 0),
(2825, '0507', '10MSU0014Z', 'INSTITUTO DE ESTUDIOS SUPERIORES DE EDUC. NORMAL GENERAL LAZARO CARDENAS DEL RIO', '10', 'PÚBLICO', '05', '', '', '', '', '', '', '', '', '', '', '', 0),
(2826, '0508', '15MSU0880L', 'UNIVERSIDAD NACIONAL AUTÓNOMA DE MÉXICO', '15', 'PÚBLICO', '08', '', '', '', '', '', '', '', '', '', '', '', 0),
(2827, '0509', '25MSU0008Q', 'CENTRO DE ACTUALIZACION DEL MAGISTERIO UNIDAD MAZATLAN', '25', 'PÚBLICO', '05', '', '', '', '', '', '', '', '', '', '', '', 0),
(2828, '0510', '05MSU0015M', 'CORPORACION MEXICANA DE INVESTIGACION EN MATERIALES, S. A. DE C. V.', '07', 'PÚBLICO', '02', '', '', '', '', '', '', '', '', '', '', '', 0),
(2829, '0511', '10MSU0021I', 'ESCUELA NORMAL PROFESOR CARLOS A. CARRILLO', '10', 'PÚBLICO', '05', '', '', '', '', '', '', '', '', '', '', '', 0),
(2830, '0512', '16MSU0234E', 'INSTITUTO TECNOLOGICO DEL VALLE DE MORELIA', '16', 'PÚBLICO', '01', '', '', '', '', '', '', '', '', '', '', '', 0),
(2831, '0513', '25MSU0009P', 'CENTRO DE ACTUALIZACION DEL MAGISTERIO UNIDAD LOS MOCHIS', '25', 'PÚBLICO', '15', '', '', '', '', '', '', '', '', '', '', '', 0),
(2832, '0514', '05MSU0014N', 'CENTRO DE INVESTIGACION EN QUIMICA APLICADA', '07', 'PÚBLICO', '02', '', '', '', '', '', '', '', '', '', '', '', 0),
(2833, '0515', '10MSU0073O', 'UNIVERSIDAD PEDAGOGICA DE DURANGO', '10', 'PÚBLICO', '13', '', '', '', '', '', '', '', '', '', '', '', 0),
(2834, '0516', '16MSU0022B', 'INSTITUTO TECNOLOGICO MORELIA', '16', 'PÚBLICO', '01', '', '', '', '', '', '', '', '', '', '', '', 0),
(2835, '0517', '25MSU0056Z', 'ESCUELA NORMAL EXPERIMENTAL DE EL FUERTE PROF. MIGUEL CASTILLO CRUZ', '25', 'PÚBLICO', '05', '', '', '', '', '', '', '', '', '', '', '', 0),
(2836, '0518', '10MSU0006Q', 'INSTITUTO TECNOLOGICO SUPERIOR DE SANTIAGO PAPASQUIARO', '10', 'PÚBLICO', '07', '', '', '', '', '', '', '', '', '', '', '', 0),
(2837, '0519', '16MSU0542K', 'INSTITUTO TECNOLOGICO DE JIQUILPAN', '16', 'PÚBLICO', '01', '', '', '', '', '', '', '', '', '', '', '', 0),
(2838, '0520', '25MSU0004U', 'UNIVERSIDAD PEDAGOGICA DEL ESTADO DE SINALOA', '25', 'PÚBLICO', '13', '', '', '', '', '', '', '', '', '', '', '', 0),
(2839, '0521', '10MSU0012A', 'INSTITUTO TECNOLOGICO SUPERIOR DE LERDO', '10', 'PÚBLICO', '07', '', '', '', '', '', '', '', '', '', '', '', 0),
(2840, '0522', '16MSU0240P', 'INSTITUTO TECNOLOGICO LAZARO CARDENAS', '16', 'PÚBLICO', '01', '', '', '', '', '', '', '', '', '', '', '', 0),
(2841, '0523', '25MSU0087T', 'INSTITUTO TECNOLOGICO SUPERIOR DE ELDORADO', '25', 'PÚBLICO', '07', '', '', '', '', '', '', '', '', '', '', '', 0),
(2842, '0524', '06MSU0030D', 'UNIVERSIDAD PEDAGOGICA NACIONAL, UNIDAD 061 COLIMA', '08', 'PÚBLICO', '13', '', '', '', '', '', '', '', '', '', '', '', 0),
(2843, '0525', '10MSU0029A', 'INSTITUTO TECNOLOGICO SUPERIOR DE LA REGION DE LOS LLANOS', '10', 'PÚBLICO', '07', '', '', '', '', '', '', '', '', '', '', '', 0),
(2844, '0526', '16MSU0042P', 'INSTITUTO TECNOLOGICO LA PIEDAD', '16', 'PÚBLICO', '01', '', '', '', '', '', '', '', '', '', '', '', 0),
(2845, '0527', '25MSU0088S', 'INSTITUTO TECNOLOGICO SUPERIOR DE GUASAVE', '25', 'PÚBLICO', '07', '', '', '', '', '', '', '', '', '', '', '', 0),
(2846, '0528', '06MSU0010Q', 'UNIVERSIDAD TECNOLOGICA DE MANZANILLO', '08', 'PÚBLICO', '14', '', '', '', '', '', '', '', '', '', '', '', 0),
(2847, '0529', '10MSU0008O', 'INSTITUTO TECNOLOGICO SUPERIOR DE SANTA MARIA DE EL ORO', '10', 'PÚBLICO', '07', '', '', '', '', '', '', '', '', '', '', '', 0),
(2848, '0530', '16MSU0032I', 'INSTITUTO TECNOLOGICO ZITACUARO', '16', 'PÚBLICO', '01', '', '', '', '', '', '', '', '', '', '', '', 0),
(2849, '0531', '25MSU0034O', 'UNIVERSIDAD AUTONOMA INDIGENA DE MEXICO', '25', 'PÚBLICO', '09', '', '', '', '', '', '', '', '', '', '', '', 0),
(2850, '0532', '07MSU0060X', 'EL COLEGIO DE LA FRONTERA SUR', '05', 'PÚBLICO', '02', '', '', '', '', '', '', '', '', '', '', '', 0),
(2851, '0533', '10MSU0020J', 'BENEMERITA Y CENTENARIA ESCUELA NORMAL DEL ESTADO DE DURANGO', '10', 'PÚBLICO', '05', '', '', '', '', '', '', '', '', '', '', '', 0),
(2852, '0534', '16MSU0045M', 'CENTRO DE ACTUALIZACION DEL MAGISTERIO EN MICHOACAN', '16', 'PÚBLICO', '05', '', '', '', '', '', '', '', '', '', '', '', 0),
(2853, '0535', '25MSU0011D', 'ESCUELA NORMAL DE SINALOA', '25', 'PÚBLICO', '05', '', '', '', '', '', '', '', '', '', '', '', 0),
(2854, '0536', '07MSU0062V', 'CENTRO DE INVESTIGACIONES Y ESTUDIOS SUPERIORES EN ANTROPOLOGIA SOCIAL', '05', 'PÚBLICO', '02', '', '', '', '', '', '', '', '', '', '', '', 0),
(2855, '0537', '10MSU0037J', 'UNIVERSIDAD POLITECNICA DE DURANGO', '10', 'PÚBLICO', '10', '', '', '', '', '', '', '', '', '', '', '', 0),
(2856, '0538', '16MSU0006K', 'PROFR. SERAFIN CONTRERAS MANZO', '16', 'PÚBLICO', '05', '', '', '', '', '', '', '', '', '', '', '', 0),
(2857, '0539', '25MSU9001F', 'ESCUELA NORMAL DE ESPECIALIZACION DEL ESTADO DE SINALOA', '25', 'PÚBLICO', '05', '', '', '', '', '', '', '', '', '', '', '', 0),
(2858, '0540', '10MSU0038I', 'UNIVERSIDAD POLITECNICA DE GOMEZ PALACIO', '10', 'PÚBLICO', '10', '', '', '', '', '', '', '', '', '', '', '', 0),
(2859, '0541', '16MSU0001P', 'VASCO DE QUIROGA', '16', 'PÚBLICO', '05', '', '', '', '', '', '', '', '', '', '', '', 0),
(2860, '0542', '25MSU0078L', 'UNIVERSIDAD POLITECNICA DE SINALOA', '25', 'PÚBLICO', '10', '', '', '', '', '', '', '', '', '', '', '', 0),
(2861, '0543', '07MSU0030C', 'INSTITUTO DE ESTUDIOS DE POSGRADO', '05', 'PÚBLICO', '15', '', '', '', '', '', '', '', '', '', '', '', 0),
(2862, '0544', '10MSU0062I', 'UNIVERSIDAD POLITECNICA DE CUENCAME', '10', 'PÚBLICO', '10', '', '', '', '', '', '', '', '', '', '', '', 0),
(2863, '0545', '16MSU0008I', 'CREN LICENCIATURA PREESCOLAR', '16', 'PÚBLICO', '05', '', '', '', '', '', '', '', '', '', '', '', 0),
(2864, '0546', '25MSU0098Z', 'UNIVERSIDAD POLITECNICA DEL VALLE DEL EVORA', '25', 'PÚBLICO', '10', '', '', '', '', '', '', '', '', '', '', '', 0),
(2865, '0547', '07MSU0197J', 'CENTRO REGIONAL DE FORMACION DOCENTE E INVESTIGACION EDUCATIVA', '05', 'PÚBLICO', '15', '', '', '', '', '', '', '', '', '', '', '', 0),
(2866, '0548', '01MSU0022Z', 'INSTITUTO TECNOLOGICO DE PABELLON DE ARTEAGA', '01', 'PÚBLICO', '01', '', '', '', '', '', '', '', '', '', '', '', 0),
(2867, '0549', '10MSU0013Z', 'DIVISION DE ESTUDIOS SUPERIORES INSTITUTO 18 DE MARZO', '10', 'PÚBLICO', '15', '', '', '', '', '', '', '', '', '', '', '', 0),
(2868, '0550', '16MSU0067Y', 'CENTRO REGIONAL DE EDUCACION NORMAL', '16', 'PÚBLICO', '05', '', '', '', '', '', '', '', '', '', '', '', 0),
(2869, '0551', '25MSU0103U', 'UNIVERSIDAD POLITECNICA DEL MAR Y LA SIERRA', '25', 'PÚBLICO', '10', '', '', '', '', '', '', '', '', '', '', '', 0),
(2870, '0552', '07MSU0222S', 'UNIVERSIDAD NACIONAL AUTÓNOMA DE MÉXICO', '05', 'PÚBLICO', '08', '', '', '', '', '', '', '', '', '', '', '', 0),
(2871, '0553', '01MSU0045K', 'INSTITUTO TECNOLOGICO EL LLANO AGUASCALIENTES', '01', 'PÚBLICO', '01', '', '', '', '', '', '', '', '', '', '', '', 0),
(2872, '0554', '10MSU0084U', 'UNIVERSIDAD PUBLICA, ABIERTA Y A DISTANCIA DEL ESTADO DE DURANGO', '10', 'PÚBLICO', '15', '', '', '', '', '', '', '', '', '', '', '', 0),
(2873, '0555', '16MSU0007J', 'ESCUELA NORMAL URBANA FEDERAL PROFR. J. JESUS ROMERO FLORES', '16', 'PÚBLICO', '05', '', '', '', '', '', '', '', '', '', '', '', 0),
(2874, '0556', '25MSU0066G', 'CENTRO DE ESTUDIOS JUSTO SIERRA', '25', 'PÚBLICO', '15', '', '', '', '', '', '', '', '', '', '', '', 0),
(2875, '0557', '08MSU0006B', 'CENTRO DE INVESTIGACION Y DOCENCIA', '06', 'PÚBLICO', '02', '', '', '', '', '', '', '', '', '', '', '', 0),
(2876, '0558', '01MSU0029T', 'INSTITUTO TECNOLOGICO DE AGUASCALIENTES', '01', 'PÚBLICO', '01', '', '', '', '', '', '', '', '', '', '', '', 0),
(2877, '0559', '10MSU0026D', 'UNIVERSIDAD TECNOLOGICA DE DURANGO', '10', 'PÚBLICO', '14', '', '', '', '', '', '', '', '', '', '', '', 0),
(2878, '0560', '16MSU0101O', 'ESCUELA NORMAL SUPERIOR DE MICHOACAN', '16', 'PÚBLICO', '05', '', '', '', '', '', '', '', '', '', '', '', 0),
(2879, '0561', '25MSU0052D', 'INSTITUTO MUNICIPAL DE CULTURA, TURISMO Y ARTE DE MAZATLAN', '25', 'PÚBLICO', '15', '', '', '', '', '', '', '', '', '', '', '', 0),
(2880, '0562', '08MSU0018G', 'CENTRO DE INVESTIGACION EN MATERIALES AVANZADOS,S.C.', '06', 'PÚBLICO', '02', '', '', '', '', '', '', '', '', '', '', '', 0),
(2881, '0563', '10MSU0027C', 'UNIVERSIDAD TECNOLOGICA DE LA LAGUNA DE DURANGO', '10', 'PÚBLICO', '14', '', '', '', '', '', '', '', '', '', '', '', 0),
(2882, '0564', '16MSU0572E', 'UPN UNIDAD MORELIA', '16', 'PÚBLICO', '13', '', '', '', '', '', '', '', '', '', '', '', 0),
(2883, '0565', '25MSU0082Y', 'INSTITUTO SINALOENSE DE CULTURA', '25', 'PÚBLICO', '15', '', '', '', '', '', '', '', '', '', '', '', 0),
(2884, '0566', '08MSU0140H', 'CENTRO CHIHUAHUENSE DE ESTUDIOS DE POSGRADO', '06', 'PÚBLICO', '15', '', '', '', '', '', '', '', '', '', '', '', 0),
(2885, '0567', '01MSU9006R', 'ESCUELA NORMAL DE RINCÓN DE ROMOS DR. RAFAEL FRANCISCO AGUILAR LOMELÍ', '01', 'PÚBLICO', '05', 'Universidades Públicas Federales', '', '', '', '', '', '', '', '', '', '', 0),
(2886, '0568', '10MSU0054Z', 'UNIVERSIDAD TECNOLOGICA DEL MEZQUITAL', '10', 'PÚBLICO', '14', '', '', '', '', '', '', '', '', '', '', '', 0),
(2887, '0569', '16MSU0570G', 'UPN UNIDAD 16B ZAMORA', '16', 'PÚBLICO', '13', '', '', '', '', '', '', '', '', '', '', '', 0),
(2888, '0570', '25MSU0105S', 'UNIVERSIDAD TECNOLOGICA DE CULIACAN', '25', 'PÚBLICO', '14', '', '', '', '', '', '', '', '', '', '', '', 0),
(2889, '0571', '08MSU0708T', 'EL COLEGIO DE CHIHUAHUA', '06', 'PÚBLICO', '12', '', '', '', '', '', '', '', '', '', '', '', 0),
(2890, '0572', '01MSU9001W', 'ESCUELA NORMAL SUPERIOR FEDERAL DE AGS. PROFR. JOSÉ SANTOS VALDÉS', '01', 'PÚBLICO', '05', '', '', '', '', '', '', '', '', '', '', '', 0),
(2891, '0573', '10MSU0055Z', 'UNIVERSIDAD TECNOLOGICA DE POANAS', '10', 'PÚBLICO', '14', '', '', '', '', '', '', '', '', '', '', '', 0),
(2892, '0574', '16MSU0571F', 'UPN UNIDAD 164 ZITACUARO', '16', 'PÚBLICO', '13', '', '', '', '', '', '', '', '', '', '', '', 0),
(2893, '0575', '25MSU0106R', 'UNIVERSIDAD TECNOLOGICA DE ESCUINAPA', '25', 'PÚBLICO', '14', '', '', '', '', '', '', '', '', '', '', '', 0),
(2894, '0576', '08MSU0703Y', 'INSTITUTO DE FORMACION Y ACTUALIZACION JUDICIAL', '06', 'PÚBLICO', '15', '', '', '', '', '', '', '', '', '', '', '', 0),
(2895, '0577', '01MSU9005S', 'ESCUELA NORMAL RURAL JUSTO SIERRA MÉNDEZ', '01', 'PÚBLICO', '05', '', '', '', '', '', '', '', '', '', '', '', 0),
(2896, '0578', '10MSU0061J', 'UNIVERSIDAD TECNOLOGICA DE RODEO', '10', 'PÚBLICO', '14', '', '', '', '', '', '', '', '', '', '', '', 0),
(2897, '0579', '16MSU0590U', 'UNIVERSIDAD PEDAGOGICA NACIONAL URUAPAN', '16', 'PÚBLICO', '13', '', '', '', '', '', '', '', '', '', '', '', 0),
(2898, '0580', '25MSU0371P', 'ESCUELA NAUTICA MERCANTE CAPITAN DE ALTURA ANTONIO GOMEZ MAQUEO', '25', 'PÚBLICO', '15', '', '', '', '', '', '', '', '', '', '', '', 0),
(2899, '0581', '09MSU0393J', 'CENTRO DE INVESTIGACION Y ESTUDIOS AVANZADOS', '09', 'PÚBLICO', '02', '', '', '', '', '', '', '', '', '', '', '', 0),
(2900, '0582', '01MSU0001N', 'UNIDAD U.P.N. 011 AGUASCALIENTES', '01', 'PÚBLICO', '13', '', '', '', '', '', '', '', '', '', '', '', 0),
(2901, '0583', '10MSU0078J', 'UNIVERSIDAD TECNOLÓGICA DE TAMAZULA', '10', 'PÚBLICO', '14', '', '', '', '', '', '', '', '', '', '', '', 0),
(2902, '0584', '16MSU0074H', 'INSTITUTO TECNOLOGICO DE ESTUDIOS SUPERIORES DE ZAMORA', '16', 'PÚBLICO', '07', '', '', '', '', '', '', '', '', '', '', '', 0),
(2903, '0585', '25MSU0014A', 'INSTITUTO ESTATAL DE CIENCIAS PENALES Y SEGURIDAD PUBLICA', '25', 'PÚBLICO', '15', '', '', '', '', '', '', '', '', '', '', '', 0),
(2904, '0586', '09MSU0187A', 'CENTRO DE INVESTIGACIÓN EN CIENCIAS DE INFORMACIÓN GEOESPACIAL, A. C.', '09', 'PÚBLICO', '02', '', '', '', '', '', '', '', '', '', '', '', 0),
(2905, '0587', '01MSU9003U', 'ILUSTRE BENEMÉRITA Y CENTENARIA ESCUELA NORMAL DE AGUASCALIENTES', '01', 'PÚBLICO', '05', '', '', '', '', '', '', '', '', '', '', '', 0),
(2906, '0588', '10MSU0010C', 'UNIVERSIDAD JUAREZ DEL ESTADO DE DURANGO', '10', 'PÚBLICO', '11', '', '', '', '', '', '', '', '', '', '', '', 0),
(2907, '0589', '16MSU0090Z', 'INSTITUTO TECNOLOGICO DE ESTUDIOS SUPERIORES DE APATZINGAN', '16', 'PÚBLICO', '07', '', '', '', '', '', '', '', '', '', '', '', 0),
(2908, '0590', '25MSU0013B', 'UNIVERSIDAD AUTONOMA DE SINALOA', '25', 'PÚBLICO', '11', '', '', '', '', '', '', '', '', '', '', '', 0),
(2909, '0591', '09MSU0176V', 'INFOTEC. CENTRO DE INVESTIGACION E INNOVACION EN TECNOLOGIAS DE LA INFORMACION Y COMUNICACION', '09', 'PÚBLICO', '02', '', '', '', '', '', '', '', '', '', '', '', 0),
(2910, '0592', '01MSU0011U', 'UNIVERSIDAD POLITECNICA DE AGUASCALIENTES', '01', 'PÚBLICO', '10', '', '', '', '', '', '', '', '', '', '', '', 0),
(2911, '0593', '10MSU0050D', 'UNIDAD REGIONAL UNIVERSITARIA DE ZONAS ARIDAS', '10', 'PÚBLICO', '13', '', '', '', '', '', '', '', '', '', '', '', 0),
(2912, '0594', '16MSU0011W', 'INSTITUTO TECNOLOGICO SUPERIOR DE CIUDAD HIDALGO', '16', 'PÚBLICO', '07', '', '', '', '', '', '', '', '', '', '', '', 0),
(2913, '0595', '25MSU0370Q', 'UNIVERSIDAD AUTONOMA DE OCCIDENTE', '25', 'PÚBLICO', '11', '', '', '', '', '', '', '', '', '', '', '', 0),
(2914, '0596', '09MSU0880A', 'CENTRO DE INVESTIGACIONES Y ESTUDIOS SUPERIORES EN ANTROPOLOGÍA SOCIAL (CIESAS)', '09', 'PÚBLICO', '02', '', '', '', '', '', '', '', '', '', '', '', 0),
(2915, '0597', '01MSU0013S', 'INSTITUTO CULTURAL DE AGUASCALIENTES', '01', 'PÚBLICO', '15', '', '', '', '', '', '', '', '', '', '', '', 0),
(2916, '0598', '11MSU0002T', 'INSTITUTO TECNOLOGICO DE ROQUE', '11', 'PÚBLICO', '01', '', '', '', '', '', '', '', '', '', '', '', 0),
(2917, '0599', '16MSU0017Q', 'INSTITUTO TECNOLOGICO DE ESTUDIOS SUPERIORES DE URUAPAN', '16', 'PÚBLICO', '07', '', '', '', '', '', '', '', '', '', '', '', 0),
(2918, '0600', '26MSU0420G', 'INSTITUTO TECNOLOGICO DEL VALLE DEL YAQUI', '26', 'PÚBLICO', '01', '', '', '', '', '', '', '', '', '', '', '', 0),
(2919, '0601', '09MSU3488R', 'FACULTAD LATINOAMERICANA DE CIENCIAS SOCIALES (FLACSO)', '09', 'PÚBLICO', '15', '', '', '', '', '', '', '', '', '', '', '', 0),
(2920, '0602', '01MSU0050W', 'UNIVERSIDAD TECNOLOGICA DE AGUASCALIENTES', '01', 'PÚBLICO', '14', '', '', '', '', '', '', '', '', '', '', '', 0),
(2921, '0603', '11MSU0029Z', 'INSTITUTO TECNOLOGICO DE CELAYA', '11', 'PÚBLICO', '01', '', '', '', '', '', '', '', '', '', '', '', 0),
(2922, '0604', '16MSU0018P', 'INSTITUTO TECNOLOGICO DE ESTUDIOS SUPERIORES DE PUREPECHA', '16', 'PÚBLICO', '07', '', '', '', '', '', '', '', '', '', '', '', 0),
(2923, '0605', '26MSU0070S', 'INSTITUTO TECNOLOGICO DE GUAYMAS NUM. 104', '26', 'PÚBLICO', '01', '', '', '', '', '', '', '', '', '', '', '', 0),
(2924, '0606', '09MSU0191N', 'ESCUELA DE ADMINISTRACION PUBLICA DEL DISTRITO FEDERAL', '09', 'PÚBLICO', '15', '', '', '', '', '', '', '', '', '', '', '', 0),
(2925, '0607', '01MSU0006I', 'UNIVERSIDAD TECNOLOGICA DEL NORTE DE AGUASCALIENTES', '01', 'PÚBLICO', '14', '', '', '', '', '', '', '', '', '', '', '', 0),
(2926, '0608', '11MSU0003S', 'INSTITUTO TECNOLOGICO 24 DE LEON', '11', 'PÚBLICO', '01', '', '', '', '', '', '', '', '', '', '', '', 0),
(2927, '0609', '16MSU0036E', 'INSTITUTO TECNOLOGICO SUPERIOR DE LOS REYES', '16', 'PÚBLICO', '07', '', '', '', '', '', '', '', '', '', '', '', 0),
(2928, '0610', '26MSU0003U', 'INSTITUTO TECNOLOGICO DE AGUA PRIETA', '26', 'PÚBLICO', '01', '', '', '', '', '', '', '', '', '', '', '', 0),
(2929, '0611', '09MSU0153K', 'INSTITUTO MEXICANO DEL PETROLEO', '09', 'PÚBLICO', '15', '', '', '', '', '', '', '', '', '', '', '', 0),
(2930, '0612', '01MSU0027V', 'UNIVERSIDAD TECNOLOGICA DE CALVILLO', '01', 'PÚBLICO', '14', '', '', '', '', '', '', '', '', '', '', '', 0),
(2931, '0613', '11MSU0126B', 'CENTRO DE ACTUALIZACION DEL MAGISTERIO', '11', 'PÚBLICO', '03', '', '', '', '', '', '', '', '', '', '', '', 0),
(2932, '0614', '16MSU0037D', 'INSTITUTO TECNOLOGICO DE ESTUDIOS SUPERIORES DE HUETAMO', '16', 'PÚBLICO', '07', '', '', '', '', '', '', '', '', '', '', '', 0),
(2933, '0615', '26MSU0404P', 'INSTITUTO TECNOLOGICO DE HERMOSILLO', '26', 'PÚBLICO', '01', '', '', '', '', '', '', '', '', '', '', '', 0),
(2934, '0616', '09MSU0300D', 'INSTITUTO NACIONAL DE PERINATOLOGIA ISIDRO ESPINOSA DE LOS REYES', '09', 'PÚBLICO', '15', '', '', '', '', '', '', '', '', '', '', '', 0),
(2935, '0617', '01MSU0031H', 'UNIVERSIDAD TECNOLOGICA EL RETOÑO', '01', 'PÚBLICO', '14', '', '', '', '', '', '', '', '', '', '', '', 0),
(2936, '0618', '16MSU0029V', 'INSTITUTO TECNOLOGICO SUPERIOR DE TACAMBARO', '16', 'PÚBLICO', '07', '', '', '', '', '', '', '', '', '', '', '', 0),
(2937, '0619', '26MSU0110C', 'INSTITUTO TECNOLOGICO DE HUATABAMPO', '26', 'PÚBLICO', '01', '', '', '', '', '', '', '', '', '', '', '', 0),
(2938, '0620', '09MSU0065Q', 'INSTITUTO NACIONAL DE CIENCIAS PENALES', '09', 'PÚBLICO', '15', '', '', '', '', '', '', '', '', '', '', '', 0),
(2939, '0621', '01MSU0053T', 'UNIVERSIDAD TECNOLÓGICA METROPOLITANA DE AGUASCALIENTES', '01', 'PÚBLICO', '14', '', '', '', '', '', '', '', '', '', '', '', 0),
(2940, '0622', '11MSU0147O', 'UNIDAD PROFESIONAL INTERDISCIPLINARIA DE INGENIERI', '11', 'PÚBLICO', '13', '', '', '', '', '', '', '', '', '', '', '', 0),
(2941, '0623', '16MSU0059P', 'INSTITUTO TECNOLOGICO SUPERIOR DE PATZCUARO, MICHOACAN', '16', 'PÚBLICO', '07', '', '', '', '', '', '', '', '', '', '', '', 0),
(2942, '0624', '26MSU0412Y', 'INSTITUTO TECNOLOGICO DE NOGALES', '26', 'PÚBLICO', '01', '', '', '', '', '', '', '', '', '', '', '', 0),
(2943, '0625', '01MSU0215O', 'UNIVERSIDAD AUTONOMA DE AGUASCALIENTES', '01', 'PÚBLICO', '11', 'Universidades Públicas Federales', 'RODRIGO.MENDEZ26@GMAIL.COM', '5530455145', 'ENCINOS 48', 'LOCALIDAD', 'MUNICIPIO', '01800', '﻿21.913380555556', '-102.315025', '2020', '4522', 1),
(2944, '0626', '11MSU0036J', 'UNIVERSIDAD PEDAGÓGICA NACIONAL UNIDAD 111 GUANAJUATO', '11', 'PÚBLICO', '13', '', '', '', '', '', '', '', '', '', '', '', 0),
(2945, '0627', '16MSU0241O', 'INSTITUTO TECNOLOGICO SUPERIOR DE PURUANDIRO', '16', 'PÚBLICO', '07', '', '', '', '', '', '', '', '', '', '', '', 0),
(2946, '0628', '26MSU9005A', 'CENTRO REGIONAL DE EDUCACION NORMAL RAFAEL RAMIREZ CASTA¥EDA', '26', 'PÚBLICO', '05', '', '', '', '', '', '', '', '', '', '', '', 0),
(2947, '0629', '02MSU0023Y', 'INSTITUTO TECNOLOGICO DE TIJUANA', '02', 'PÚBLICO', '01', '', '', '', '', '', '', '', '', '', '', '', 0),
(2948, '0630', '11MSU0035K', 'UNIVERSIDAD PEDAGÓGICA NACIONAL UNIDAD 112 CELAYA', '11', 'PÚBLICO', '13', '', '', '', '', '', '', '', '', '', '', '', 0),
(2949, '0631', '16MSU0246J', 'INSTITUTO TECNOLOGICO SUPERIOR DE COALCOMAN', '16', 'PÚBLICO', '07', '', '', '', '', '', '', '', '', '', '', '', 0),
(2950, '0632', '26MSU9003C', 'ESCUELA NORMAL SUPERIOR, PLANTEL HERMOSILLO', '26', 'PÚBLICO', '05', '', '', '', '', '', '', '', '', '', '', '', 0),
(2951, '0633', '02MSU0029S', 'INSTITUTO TECNOLOGICO DE MEXICALI', '02', 'PÚBLICO', '01', '', '', '', '', '', '', '', '', '', '', '', 0),
(2952, '0634', '11MSU0037I', 'UNIVERSIDAD PEDAGÓGICA NACIONAL UNIDAD 113 LEÓN', '11', 'PÚBLICO', '13', '', '', '', '', '', '', '', '', '', '', '', 0),
(2953, '0635', '16MSU0060E', 'UNIVERSIDAD INTERCULTURAL INDIGENA DE MICHOACAN', '16', 'PÚBLICO', '09', '', '', '', '', '', '', '', '', '', '', '', 0),
(2954, '0636', '26MSU9002D', 'ESCUELA NORMAL RURAL GRAL. PLUTARCO ELIAS CALLES', '26', 'PÚBLICO', '05', '', '', '', '', '', '', '', '', '', '', '', 0),
(2955, '0637', '10MSU0042V', 'CENTRO INTERDISCIPLINARIO DE INVESTIGACION PARA EL DESARROLLO INTEGENERAL REGION', '10', 'PÚBLICO', '13', '', '', '', '', '', '', '', '', '', '', '', 0),
(2956, '0638', '02MSU0030H', 'INSTITUTO TECNOLOGICO DE ENSENADA', '02', 'PÚBLICO', '01', '', '', '', '', '', '', '', '', '', '', '', 0),
(2957, '0639', '11MSU0038H', 'INSTITUTO TECNOLOGICO SUPERIOR DE IRAPUATO', '11', 'PÚBLICO', '07', '', '', '', '', '', '', '', '', '', '', '', 0),
(2958, '0640', '16MSU0039B', 'ESCUELA NORMAL INDIGENA DE MICHOACAN', '16', 'PÚBLICO', '05', '', '', '', '', '', '', '', '', '', '', '', 0),
(2959, '0641', '26MSU0054A', 'ESCUELA NORMAL SUPERIOR, PLANTEL OBREGON', '26', 'PÚBLICO', '05', '', '', '', '', '', '', '', '', '', '', '', 0),
(2960, '0642', '10MSU0047Q', 'UNIVERSIDAD JUDICIAL', '10', 'PÚBLICO', '15', '', '', '', '', '', '', '', '', '', '', '', 0),
(2961, '0643', '02MSU9011B', 'ESCUELA NORMAL DEL VALLE DE MEXICALI EJIDO CAMPECHE', '02', 'PÚBLICO', '05', '', '', '', '', '', '', '', '', '', '', '', 0),
(2962, '0644', '11MSU0060J', 'INSTITUTO TECNOLOGICO SUPERIOR DEL SUR DE GUANAJUATO', '11', 'PÚBLICO', '07', '', '', '', '', '', '', '', '', '', '', '', 0),
(2963, '0645', '16MSU0004M', 'ESCUELA NORMAL DE EDUCACION FISICA', '16', 'PÚBLICO', '05', '', '', '', '', '', '', '', '', '', '', '', 0),
(2964, '0646', '26MSU0058X', 'ESCUELA NORMAL SUPERIOR, PLANTEL NAVOJOA', '26', 'PÚBLICO', '05', '', '', '', '', '', '', '', '', '', '', '', 0),
(2965, '0647', '11MSU0026C', 'CENTRO DE INVESTIGACION Y DE ESTUDIOS AVANZADOS', '11', 'PÚBLICO', '02', '', '', '', '', '', '', '', '', '', '', '', 0),
(2966, '0648', '02MSU9005R', 'BENEMERITA ESCUELA NORMAL URBANA FEDERAL FRONTERIZA', '02', 'PÚBLICO', '05', '', '', '', '', '', '', '', '', '', '', '', 0),
(2967, '0649', '11MSU0161H', 'INSTITUTO TECNOLOGICO SUPERIOR DE GUANAJUATO', '11', 'PÚBLICO', '07', '', '', '', '', '', '', '', '', '', '', '', 0),
(2968, '0650', '26MSU0040Y', 'UNIVERSIDAD PEDAGOGICA NACIONAL, PLANTEL HERMOSILLO', '26', 'PÚBLICO', '13', '', '', '', '', '', '', '', '', '', '', '', 0),
(2969, '0651', '11MSU0073N', 'CENTRO DE INVESTIGACIONES EN OPTICA, A.C.', '11', 'PÚBLICO', '02', '', '', '', '', '', '', '', '', '', '', '', 0),
(2970, '0652', '02MSU9010C', 'ESCUELA NORMAL EXPERIMENTAL MTRO. RAFAEL RAMIREZ', '02', 'PÚBLICO', '05', '', '', '', '', '', '', '', '', '', '', '', 0),
(2971, '0653', '11MSU0173M', 'INSTITUTO TECNOLOGICO SUPERIOR DE SALVATIERRA', '11', 'PÚBLICO', '07', '', '', '', '', '', '', '', '', '', '', '', 0),
(2972, '0654', '16MSU0065Z', 'UNIVERSIDAD DE LA CIENEGA DEL ESTADO DE MICHOACAN DE OCAMPO', '16', 'PÚBLICO', '12', '', '', '', '', '', '', '', '', '', '', '', 0),
(2973, '0655', '26MSU0050E', 'UNIVERSIDAD PEDAGOGICA NACIONAL, PLANTEL NAVOJOA', '26', 'PÚBLICO', '13', '', '', '', '', '', '', '', '', '', '', '', 0),
(2974, '0656', '11MSU0010B', 'CENTRO DE INVESTIGACION EN MATEMATICAS', '11', 'PÚBLICO', '02', '', '', '', '', '', '', '', '', '', '', '', 0),
(2975, '0657', '02MSU9006Q', 'ESCUELA NORMAL ESTEFANIA CASTAÑEDA Y NUÑEZ DE CACERES', '02', 'PÚBLICO', '05', '', '', '', '', '', '', '', '', '', '', '', 0),
(2976, '0658', '11MSU0197W', 'INSTITUTO TECNOLOGICO SUPERIOR DE ABASOLO', '11', 'PÚBLICO', '07', '', '', '', '', '', '', '', '', '', '', '', 0),
(2977, '0659', '16MSU0526T', 'INSTITUTO MICHOACANO DE CIENCIAS DE LA EDUCACION', '16', 'PÚBLICO', '05', '', '', '', '', '', '', '', '', '', '', '', 0),
(2978, '0660', '26MSU0060L', 'UNIVERSIDAD PEDAGOGICA NACIONAL, PLANTEL NOGALES', '26', 'PÚBLICO', '13', '', '', '', '', '', '', '', '', '', '', '', 0),
(2979, '0661', '02MSU9019U', 'ESCUELA NORMAL FRONTERIZA TIJUANA', '02', 'PÚBLICO', '05', '', '', '', '', '', '', '', '', '', '', '', 0),
(2980, '0662', '11MSU0198V', 'INSTITUTO TECNOLOGICO SUPERIOR DE PURISIMA DEL RINCON', '11', 'PÚBLICO', '07', '', '', '', '', '', '', '', '', '', '', '', 0),
(2981, '0663', '16MSU0600K', 'UNIVERSIDAD VIRTUAL DEL ESTADO DE MICHOACAN (UNIVIM)', '16', 'PÚBLICO', '15', '', '', '', '', '', '', '', '', '', '', '', 0),
(2982, '0664', '26MSU0080Z', 'INSTITUTO TECNOLOGICO SUPERIOR DE CANANEA', '26', 'PÚBLICO', '07', '', '', '', '', '', '', '', '', '', '', '', 0),
(2983, '0665', '02MSU9004S', 'ESCUELA NORMAL EXPERIMENTAL PROFR. GREGORIO TORRES QUINTERO', '02', 'PÚBLICO', '05', '', '', '', '', '', '', '', '', '', '', '', 0),
(2984, '0666', '11MSU0115W', 'CENTRO DE ESTUDIOS SUPERIORES DE EDUCACION ESPECIA', '11', 'PÚBLICO', '05', '', '', '', '', '', '', '', '', '', '', '', 0),
(2985, '0667', '16MSU0601J', 'UNIVERSIDAD POLITECNICA DE URUAPAN, MICHOACAN', '16', 'PÚBLICO', '10', '', '', '', '', '', '', '', '', '', '', '', 0),
(2986, '0668', '26MSU0081Y', 'INSTITUTO TECNOLOGICO SUPERIOR DE CAJEME', '26', 'PÚBLICO', '07', '', '', '', '', '', '', '', '', '', '', '', 0),
(2987, '0669', '11MSU0152Z', 'INSTITUTO DE LA JUSTICIA ADMINISTRATIVA', '11', 'PÚBLICO', '15', '', '', '', '', '', '', '', '', '', '', '', 0),
(2988, '0670', '02MSU0022Z', 'UNIVERSIDAD PEDAGOGICA NACIONAL', '02', 'PÚBLICO', '13', '', '', '', '', '', '', '', '', '', '', '', 0),
(2989, '0671', '11MSU0095Z', 'BENEMERITA Y CENTENARIA ESCUELA NORMAL OFICIAL DE', '11', 'PÚBLICO', '05', '', '', '', '', '', '', '', '', '', '', '', 0),
(2990, '0672', '16MSU0602I', 'UNIVERSIDAD POLITECNICA DE LAZARO CARDENAS, MICHOACAN', '16', 'PÚBLICO', '10', '', '', '', '', '', '', '', '', '', '', '', 0),
(2991, '0673', '26MSU0082X', 'INSTITUTO TECNOLOGICO SUPERIOR DE PUERTO PE¥ASCO', '26', 'PÚBLICO', '07', '', '', '', '', '', '', '', '', '', '', '', 0),
(2992, '0674', '11MSU0166C', 'INSTITUTO DE FORMACIÓN Y DE SERVICIO PROFESIONAL DE CARRERA', '11', 'PÚBLICO', '15', '', '', '', '', '', '', '', '', '', '', '', 0),
(2993, '0675', '02MSU0031G', 'UNIVERSIDAD PEDAGOGICA NACIONAL, UNIDAD 022 TIJUANA', '02', 'PÚBLICO', '13', '', '', '', '', '', '', '', '', '', '', '', 0),
(2994, '0676', '11MSU0094Z', 'ESCUELA NORMAL SUPERIOR OFICIAL DE GUANAJUATO', '11', 'PÚBLICO', '05', '', '', '', '', '', '', '', '', '', '', '', 0),
(2995, '0677', '16MSU0002O', 'UNIVERSIDAD TECNOLOGICA DE MORELIA', '16', 'PÚBLICO', '14', '', '', '', '', '', '', '', '', '', '', '', 0),
(2996, '0678', '26MSU9007Z', 'BENEMERITA Y CENTENARIA ESCUELA NORMAL DEL ESTADO DE SONORA PROF. JESUS MANUEL BUSTAMANTE MUNGARRO', '26', 'PÚBLICO', '05', '', '', '', '', '', '', '', '', '', '', '', 0),
(2997, '0679', '11MSU0192A', 'ESCUELA DE ESTUDIOS E INVESTIGACION JUDICIAL', '11', 'PÚBLICO', '15', '', '', '', '', '', '', '', '', '', '', '', 0),
(2998, '0680', '02MSU0035C', 'UNIVERSIDAD ESTATAL DE ESTUDIOS PEDAGOGICOS', '02', 'PÚBLICO', '05', '', '', '', '', '', '', '', '', '', '', '', 0),
(2999, '0681', '11MSU0117U', 'ESCUELA NORMAL OFICIAL DE IRAPUATO', '11', 'PÚBLICO', '05', '', '', '', '', '', '', '', '', '', '', '', 0);
INSERT INTO `cat_ies` (`id_cat_ies`, `id_ies`, `dt_clave_ies`, `dt_nombre_ies`, `id_cat_entidad`, `dt_control`, `dt_subsistema`, `dt_subsistema_resp`, `dt_email`, `dt_telefono`, `dt_direccion`, `dt_localidad`, `dt_municipio`, `dt_cp`, `lat`, `lng`, `dt_bajo_modalidad`, `dt_total_egresados`, `dt_estatus`) VALUES
(3000, '0682', '16MSU0075G', 'UNIVERSIDAD TECNOLÓGICA DEL ORIENTE DE MICHOACÁN', '16', 'PÚBLICO', '14', '', '', '', '', '', '', '', '', '', '', '', 0),
(3001, '0683', '26MSU9001E', 'ESCUELA NORMAL ESTATAL DE ESPECIALIZACION', '26', 'PÚBLICO', '05', '', '', '', '', '', '', '', '', '', '', '', 0),
(3002, '0684', '02MSU0039Z', 'BENEMERITA ESCUELA NORMAL URBANA NOCTURNA DEL ESTADO ING. JOSE G. VALENZUELA', '02', 'PÚBLICO', '05', '', '', '', '', '', '', '', '', '', '', '', 0),
(3003, '0685', '11MSU0118T', 'ESCUELA NORMAL OFICIAL DE LEON', '11', 'PÚBLICO', '05', '', '', '', '', '', '', '', '', '', '', '', 0),
(3004, '0686', '16MSU0167X', 'CENTRO DE REHABILITACIÓN Y EDUCACIÓN ESPECIAL CREE MORELIA', '16', 'PÚBLICO', '15', '', '', '', '', '', '', '', '', '', '', '', 0),
(3005, '0687', '26MSU9004B', 'PROF. EMILIO MIRAMONTES NAJERA', '26', 'PÚBLICO', '05', '', '', '', '', '', '', '', '', '', '', '', 0),
(3006, '0688', '02MSU9008O', 'BENEMÉRITA ESCUELA NORMAL EDUCADORA ROSAURA ZAPATA', '02', 'PÚBLICO', '05', '', '', '', '', '', '', '', '', '', '', '', 0),
(3007, '0689', '11MSU0031O', 'UNIVERSIDAD POLITECNICA DE GUANAJUATO', '11', 'PÚBLICO', '10', '', '', '', '', '', '', '', '', '', '', '', 0),
(3008, '0690', '16MSU0014T', 'UNIVERSIDAD MICHOACANA DE SAN NICOLAS DE HIDALGO', '16', 'PÚBLICO', '11', '', '', '', '', '', '', '', '', '', '', '', 0),
(3009, '0691', '26MSU0009O', 'UNIVERSIDAD DE LA SIERRA', '26', 'PÚBLICO', '12', '', '', '', '', '', '', '', '', '', '', '', 0),
(3010, '0692', '02MSU0033E', 'BENEMERITA ESCUELA NORMAL ESTATAL, PROFESOR JESUS PRADO LUNA', '02', 'PÚBLICO', '05', '', '', '', '', '', '', '', '', '', '', '', 0),
(3011, '0693', '11MSU0168A', 'UNIVERSIDAD POLITECNICA DE JUVENTINO ROSAS', '11', 'PÚBLICO', '10', '', '', '', '', '', '', '', '', '', '', '', 0),
(3012, '0694', '16MSU0173H', 'UNIVERSIDAD NACIONAL AUTÓNOMA DE MÉXICO', '16', 'PÚBLICO', '08', '', '', '', '', '', '', '', '', '', '', '', 0),
(3013, '0695', '26MSU0018W', 'INSTITUTO SUPERIOR DE SEGURIDAD PUBLICA DEL ESTADO', '26', 'PÚBLICO', '15', '', '', '', '', '', '', '', '', '', '', '', 0),
(3014, '0696', '02MSU0117M', 'ESCUELA NORMAL LUZ MARIA CHAPELA', '02', 'PÚBLICO', '05', '', '', '', '', '', '', '', '', '', '', '', 0),
(3015, '0697', '11MSU0170P', 'UNIVERSIDAD POLITECNICA DEL BICENTENARIO', '11', 'PÚBLICO', '10', '', '', '', '', '', '', '', '', '', '', '', 0),
(3016, '0698', '17MSU0310T', 'INSTITUTO TECNOLOGICO DE CUAUTLA', '17', 'PÚBLICO', '01', '', '', '', '', '', '', '', '', '', '', '', 0),
(3017, '0699', '26MSU0430N', 'UNIVERSIDAD ESTATAL DE SONORA', '26', 'PÚBLICO', '12', '', '', '', '', '', '', '', '', '', '', '', 0),
(3018, '0700', '12MSU0112Y', 'ESCUELA JUDICIAL DEL PODER JUDICIAL DEL ESTADO DE GUERRERO', '12', 'PÚBLICO', '15', '', '', '', '', '', '', '', '', '', '', '', 0),
(3019, '0701', '02MSU0037A', 'INSTITUTO DE BELLAS ARTES DEL ESTADO DE BAJA CALIFORNIA', '02', 'PÚBLICO', '05', '', '', '', '', '', '', '', '', '', '', '', 0),
(3020, '0702', '11MSU0171O', 'UNIVERSIDAD POLITECNICA DE PENJAMO', '11', 'PÚBLICO', '10', '', '', '', '', '', '', '', '', '', '', '', 0),
(3021, '0703', '17MSU0237A', 'INSTITUTO TECNOLOGICO DE ZACATEPEC', '17', 'PÚBLICO', '01', '', '', '', '', '', '', '', '', '', '', '', 0),
(3022, '0704', '26MSU0007Q', 'UNIVERSIDAD TECNOLOGICA DE HERMOSILLO', '26', 'PÚBLICO', '14', '', '', '', '', '', '', '', '', '', '', '', 0),
(3023, '0705', '13MSU0290Z', 'EL COLEGIO DEL ESTADO DE HIDALGO', '13', 'PÚBLICO', '15', '', '', '', '', '', '', '', '', '', '', '', 0),
(3024, '0706', '02MSU0059M', 'UNIVERSIDAD POLITECNICA DE BAJA CALIFORNIA', '02', 'PÚBLICO', '10', '', '', '', '', '', '', '', '', '', '', '', 0),
(3025, '0707', '11MSU0163F', 'UNIVERSIDAD VIRTUAL DEL ESTADO DE GUANAJUATO', '11', 'PÚBLICO', '15', '', '', '', '', '', '', '', '', '', '', '', 0),
(3026, '0708', '17MSU0342L', 'GRAL. EMILIANO ZAPATA', '17', 'PÚBLICO', '05', '', '', '', '', '', '', '', '', '', '', '', 0),
(3027, '0709', '26MSU0006R', 'UNIVERSIDAD TECNOLOGICA DE NOGALES', '26', 'PÚBLICO', '14', '', '', '', '', '', '', '', '', '', '', '', 0),
(3028, '0710', '14MSU0053X', 'CENTRO DE INVESTIGACIONES Y ESTUDIOS SUPERIORES EN ANTROPOLOGIA SOCIAL', '14', 'PÚBLICO', '02', '', '', '', '', '', '', '', '', '', '', '', 0),
(3029, '0711', '02MSU0126U', 'CENTRO EDUCATIVO UNIVERSIDAD ESTATAL DE ESTUDIOS PEDAGÓGICOS UEEP', '02', 'PÚBLICO', '15', '', '', '', '', '', '', '', '', '', '', '', 0),
(3030, '0712', '11MSU0050C', 'INSTITUTO DE FORMACION EN SEGURIDAD PUBLICA DEL ES', '11', 'PÚBLICO', '15', '', '', '', '', '', '', '', '', '', '', '', 0),
(3031, '0713', '17MSU0340N', 'ESCUELA NORMAL URBANA FEDERAL DE CUAUTLA', '17', 'PÚBLICO', '05', '', '', '', '', '', '', '', '', '', '', '', 0),
(3032, '0714', '26MSU0010D', 'UNIVERSIDAD TECNOLOGICA DEL SUR DE SONORA', '26', 'PÚBLICO', '14', '', '', '', '', '', '', '', '', '', '', '', 0),
(3033, '0715', '14MSU0079E', 'CIATEJ', '14', 'PÚBLICO', '02', '', '', '', '', '', '', '', '', '', '', '', 0),
(3034, '0716', '02MSU0045J', 'UNIVERSIDAD TECNOLOGICA DE TIJUANA', '02', 'PÚBLICO', '14', '', '', '', '', '', '', '', '', '', '', '', 0),
(3035, '0717', '11MSU0063G', 'UNIVERSIDAD INTERACTIVA Y A DISTANCIA DEL ESTADO DE GUANAJUATO', '11', 'PÚBLICO', '15', '', '', '', '', '', '', '', '', '', '', '', 0),
(3036, '0718', '17MSU0070K', 'UNIVERSIDAD PEDAGOGICA NACIONAL', '17', 'PÚBLICO', '13', '', '', '', '', '', '', '', '', '', '', '', 0),
(3037, '0719', '26MSU0013A', 'UNIVERSIDAD TECNOLOGICA DE PUERTO PEÑASCO', '26', 'PÚBLICO', '14', '', '', '', '', '', '', '', '', '', '', '', 0),
(3038, '0720', '14MSU0081T', 'CENTRO DE INVESTIGACION Y DE ESTUDIOS AVANZADOS DEL IPN', '14', 'PÚBLICO', '02', '', '', '', '', '', '', '', '', '', '', '', 0),
(3039, '0721', '02MSU0056P', 'ESCUELA DE ENFERMERIA DEL INSTITUTO MEXICANO DEL SEGURO SOCIAL', '02', 'PÚBLICO', '15', '', '', '', '', '', '', '', '', '', '', '', 0),
(3040, '0722', '11MSU0033M', 'UNIVERSIDAD TECNOLOGICA DEL NORTE DE GUANAJUATO', '11', 'PÚBLICO', '14', '', '', '', '', '', '', '', '', '', '', '', 0),
(3041, '0723', '17MSU0037C', 'UNIVERSIDAD POLITECNICA DEL ESTADO DE MORELOS', '17', 'PÚBLICO', '10', '', '', '', '', '', '', '', '', '', '', '', 0),
(3042, '0724', '26MSU0022I', 'UNIVERSIDAD TECNOLOGICA DE SAN LUIS RIO COLORADO', '26', 'PÚBLICO', '14', '', '', '', '', '', '', '', '', '', '', '', 0),
(3043, '0725', '14MSU0009J', 'CENTRO DE ESTUDIOS DE POSGRADO', '14', 'PÚBLICO', '15', '', '', '', '', '', '', '', '', '', '', '', 0),
(3044, '0726', '02MSU0055Q', 'INSTITUTO ESTATAL DE INVESTIGACIÓN Y FORMACIÓN INTERDISCIPLINARIA', '02', 'PÚBLICO', '15', '', '', '', '', '', '', '', '', '', '', '', 0),
(3045, '0727', '11MSU0034L', 'UNIVERSIDAD TECNOLOGICA DE LEON', '11', 'PÚBLICO', '14', '', '', '', '', '', '', '', '', '', '', '', 0),
(3046, '0728', '17MSU0049H', 'CENTRO MORELENSE DE LAS ARTES', '17', 'PÚBLICO', '15', '', '', '', '', '', '', '', '', '', '', '', 0),
(3047, '0729', '26MSU0029B', 'UNIVERSIDAD TECNOLOGICA DE ETCHOJOA', '26', 'PÚBLICO', '14', '', '', '', '', '', '', '', '', '', '', '', 0),
(3048, '0730', '14MSU0084Q', 'CENTRO DE INVESTIGACIONES PEDAGOGICAS Y SOCIALES', '14', 'PÚBLICO', '15', '', '', '', '', '', '', '', '', '', '', '', 0),
(3049, '0731', '02MSU0020A', 'UNIVERSIDAD AUTONOMA DE BAJA CALIFORNIA', '02', 'PÚBLICO', '11', '', '', '', '', '', '', '', '', '', '', '', 0),
(3050, '0732', '11MSU0059U', 'UNIVERSIDAD TECNOLOGICA DEL SUROESTE DE GUANAJUATO', '11', 'PÚBLICO', '14', '', '', '', '', '', '', '', '', '', '', '', 0),
(3051, '0733', '17MSU0115Q', 'EL COLEGIO DE MORELOS', '17', 'PÚBLICO', '12', '', '', '', '', '', '', '', '', '', '', '', 0),
(3052, '0734', '26MSU0036L', 'UNIVERSIDAD TECNOLOGICA DE GUAYMAS', '26', 'PÚBLICO', '14', '', '', '', '', '', '', '', '', '', '', '', 0),
(3053, '0735', '14MSU0083R', 'INSTITUTO SUPERIOR DE INVESTIGACION Y DOCENCIA PARA EL MAGISTERIO', '14', 'PÚBLICO', '15', '', '', '', '', '', '', '', '', '', '', '', 0),
(3054, '0736', '02MSU0150U', 'UNIVERSIDAD NACIONAL AUTÓNOMA DE MÉXICO', '02', 'PÚBLICO', '08', '', '', '', '', '', '', '', '', '', '', '', 0),
(3055, '0737', '11MSU0180W', 'UNIVERSIDAD TECNOLOGICA DE SALAMANCA', '11', 'PÚBLICO', '14', '', '', '', '', '', '', '', '', '', '', '', 0),
(3056, '0738', '17MSU0024Z', 'UNIVERSIDAD TECNOLOGICA EMILIANO ZAPATA DEL ESTADO DE MORELOS', '17', 'PÚBLICO', '14', '', '', '', '', '', '', '', '', '', '', '', 0),
(3057, '0739', '26MSU0600R', 'INSTITUTO MEXICANO DEL SEGURO SOCIAL HERMOSILLO', '26', 'PÚBLICO', '15', '', '', '', '', '', '', '', '', '', '', '', 0),
(3058, '0740', '03MSU0023X', 'INSTITUTO TECNOLOGICO DE LA PAZ', '03', 'PÚBLICO', '01', '', '', '', '', '', '', '', '', '', '', '', 0),
(3059, '0741', '11MSU0174L', 'UNIVERSIDAD TECNOLOGICA DE SAN MIGUEL DE ALLENDE', '11', 'PÚBLICO', '14', '', '', '', '', '', '', '', '', '', '', '', 0),
(3060, '0742', '17MSU0094U', 'UNIVERSIDAD TECNOLOGICA DEL SUR DEL ESTADO DE MORELOS', '17', 'PÚBLICO', '14', '', '', '', '', '', '', '', '', '', '', '', 0),
(3061, '0743', '26MSU0610Y', 'INSTITUTO MEXICANO DEL SEGURO SOCIAL OBREGON', '26', 'PÚBLICO', '15', '', '', '', '', '', '', '', '', '', '', '', 0),
(3062, '0744', '14MSU0342O', 'ESTUDIOS E INVESTIGACIONES JURIDICAS', '14', 'PÚBLICO', '15', '', '', '', '', '', '', '', '', '', '', '', 0),
(3063, '0745', '03MSU0001L', 'BENEMERITA ESCUELA NORMAL URBANA PROFR. DOMINGO CARBALLO FELIX', '03', 'PÚBLICO', '05', '', '', '', '', '', '', '', '', '', '', '', 0),
(3064, '0746', '11MSU0207M', 'UNIVERSIDAD TECNOLOGICA LAJA BAJIO', '11', 'PÚBLICO', '14', '', '', '', '', '', '', '', '', '', '', '', 0),
(3065, '0747', '17MSU0017P', 'UNIVERSIDAD AUTONOMA DEL ESTADO DE MORELOS', '17', 'PÚBLICO', '11', '', '', '', '', '', '', '', '', '', '', '', 0),
(3066, '0748', '26MSU0023H', 'INSTITUTO TECNOLOGICO DE SONORA', '26', 'PÚBLICO', '11', '', '', '', '', '', '', '', '', '', '', '', 0),
(3067, '0749', '14MSU0293W', 'INSTITUTO DE INVESTIGACIONES Y CAPACITACION ELECTORAL', '14', 'PÚBLICO', '15', '', '', '', '', '', '', '', '', '', '', '', 0),
(3068, '0750', '03MSU0002K', 'C.R.E.N. MARCELO RUBIO RUIZ', '03', 'PÚBLICO', '05', '', '', '', '', '', '', '', '', '', '', '', 0),
(3069, '0751', '11MSU0013Z', 'UNIVERSIDAD DE GUANAJUATO', '11', 'PÚBLICO', '11', '', '', '', '', '', '', '', '', '', '', '', 0),
(3070, '0752', '17MSU0029U', 'UNIVERSIDAD NACIONAL AUTÓNOMA DE MÉXICO', '17', 'PÚBLICO', '08', '', '', '', '', '', '', '', '', '', '', '', 0),
(3071, '0753', '26MSU0015Z', 'UNIVERSIDAD DE SONORA', '26', 'PÚBLICO', '11', '', '', '', '', '', '', '', '', '', '', '', 0),
(3072, '0754', '03MSU0080O', 'UNIVERSIDAD PEDAGOGICA NACIONAL', '03', 'PÚBLICO', '13', '', '', '', '', '', '', '', '', '', '', '', 0),
(3073, '0755', '11MSU0211Z', 'UNIVERSIDAD NACIONAL AUTÓNOMA DE MÉXICO', '11', 'PÚBLICO', '08', '', '', '', '', '', '', '', '', '', '', '', 0),
(3074, '0756', '18MSU0254Q', 'INSTITUTO TECNOLOGICO DE TEPIC', '18', 'PÚBLICO', '01', '', '', '', '', '', '', '', '', '', '', '', 0),
(3075, '0757', '27MSU0180X', 'INSTITUTO TECNOLOGICO DE VILLAHERMOSA', '27', 'PÚBLICO', '01', '', '', '', '', '', '', '', '', '', '', '', 0),
(3076, '0758', '03MSU0045I', 'INSTITUTO TECNOLÓGICO SUPERIOR DE CIUDAD CONSTITUCIÓN', '03', 'PÚBLICO', '07', '', '', '', '', '', '', '', '', '', '', '', 0),
(3077, '0759', '12MSU0276H', 'INSTITUTO TECNOLOGICO DE ACAPULCO', '12', 'PÚBLICO', '01', '', '', '', '', '', '', '', '', '', '', '', 0),
(3078, '0760', '18MSU0002M', 'INSTITUTO TECNOLOGICO DE BAHIA DE BANDERAS', '18', 'PÚBLICO', '01', '', '', '', '', '', '', '', '', '', '', '', 0),
(3079, '0761', '27MSU0020J', 'INSTITUTO TECNOLOGICO DE LA ZONA OLMECA', '27', 'PÚBLICO', '01', '', '', '', '', '', '', '', '', '', '', '', 0),
(3080, '0762', '03MSU0046H', 'INSTITUTO TECNOLOGICO DE ESTUDIOS SUPERIORES LOS CABOS', '03', 'PÚBLICO', '07', '', '', '', '', '', '', '', '', '', '', '', 0),
(3081, '0763', '12MSU0050B', 'INSTITUTO TECNOLOGICO DE CHILPANCINGO', '12', 'PÚBLICO', '01', '', '', '', '', '', '', '', '', '', '', '', 0),
(3082, '0764', '18MSU0037B', 'INSTITUTO TECNOLOGICO DEL SUR DE NAYARIT', '18', 'PÚBLICO', '01', '', '', '', '', '', '', '', '', '', '', '', 0),
(3083, '0765', '27MSU0049O', 'INSTITUTO TECNOLÓGICO DE LA CHONTALPA', '27', 'PÚBLICO', '01', '', '', '', '', '', '', '', '', '', '', '', 0),
(3084, '0766', '03MSU0047G', 'INSTITUTO TECNOLÓGICO SUPERIOR DE MULEGÉ', '03', 'PÚBLICO', '07', '', '', '', '', '', '', '', '', '', '', '', 0),
(3085, '0767', '12MSU0280U', 'INSTITUTO TECNOLOGICO DE  LA COSTA GRANDE', '12', 'PÚBLICO', '01', '', '', '', '', '', '', '', '', '', '', '', 0),
(3086, '0768', '18MSU0042N', 'INSTITUTO TECNOLOGICO DEL NORTE DE NAYARIT', '18', 'PÚBLICO', '01', '', '', '', '', '', '', '', '', '', '', '', 0),
(3087, '0769', '27MSU0056Y', 'INSTITUTO TECNOLOGICO DE HUIMANGUILLO', '27', 'PÚBLICO', '01', '', '', '', '', '', '', '', '', '', '', '', 0),
(3088, '0770', '03MSU0051T', 'ESCUELA SUPERIOR DE CULTURA FISICA DEL ESTADO DE BAJA CALIFORNIA SUR', '03', 'PÚBLICO', '05', '', '', '', '', '', '', '', '', '', '', '', 0),
(3089, '0771', '12MSU0320E', 'INSTITUTO TECNOLOGICO DE IGUALA', '12', 'PÚBLICO', '01', '', '', '', '', '', '', '', '', '', '', '', 0),
(3090, '0772', '18MSU0103K', 'CENTRO DE ACTUALIZACIÓN DEL MAGISTERIO', '18', 'PÚBLICO', '05', '', '', '', '', '', '', '', '', '', '', '', 0),
(3091, '0773', '27MSU0021I', 'INSTITUTO DE EDUCACION SUPERIOR DEL MAGISTERIO', '27', 'PÚBLICO', '05', '', '', '', '', '', '', '', '', '', '', '', 0),
(3092, '0774', '03MSU0003J', 'ESCUELA NORMAL SUPERIOR DEL ESTADO DE BAJA CALIFORNIA SUR PROFR. ENRIQUE ESTRADA LUCERO', '03', 'PÚBLICO', '05', '', '', '', '', '', '', '', '', '', '', '', 0),
(3093, '0775', '12MSU0040V', 'INSTITUTO TECNOLOGICO DE CIUDAD ALTAMIRANO', '12', 'PÚBLICO', '01', '', '', '', '', '', '', '', '', '', '', '', 0),
(3094, '0776', '18MSU9001W', 'ESCUELA NORMAL EXPERIMENTAL DE ACAPONETA', '18', 'PÚBLICO', '05', '', '', '', '', '', '', '', '', '', '', '', 0),
(3095, '0777', '03MSU0049E', 'UNIVERSIDAD TECNOLOGICA DE LA PAZ', '03', 'PÚBLICO', '14', '', '', '', '', '', '', '', '', '', '', '', 0),
(3096, '0778', '12MSU0089N', 'INSTITUTO TECNOLOGICO DE SAN MARCOS', '12', 'PÚBLICO', '01', '', '', '', '', '', '', '', '', '', '', '', 0),
(3097, '0779', '18MSU0040P', 'UNIVERSIDAD PEDAGOGICA NACIONAL UNIDAD NUM. 181 TEPIC', '18', 'PÚBLICO', '13', '', '', '', '', '', '', '', '', '', '', '', 0),
(3098, '0780', '27MSU0040X', 'ESCUELA NORMAL URBANA', '27', 'PÚBLICO', '05', '', '', '', '', '', '', '', '', '', '', '', 0),
(3099, '0781', '03MSU0018L', 'CENTRO DE REHABILITACIÓN Y EDUCACIÓN ESPECIAL CREE LA PAZ', '03', 'PÚBLICO', '15', '', '', '', '', '', '', '', '', '', '', '', 0),
(3100, '0782', '12MSU0003R', 'CENTRO DE ACTUALIZACION DEL MAGISTERIO DE CHILPANCINGO', '12', 'PÚBLICO', '05', '', '', '', '', '', '', '', '', '', '', '', 0),
(3101, '0783', '18MSU0010V', 'INSTITUTO ESTATAL DE EDUCACION NORMAL DE NAYARIT', '18', 'PÚBLICO', '05', '', '', '', '', '', '', '', '', '', '', '', 0),
(3102, '0784', '27MSU0024F', 'UNIDAD UPN 271', '27', 'PÚBLICO', '13', '', '', '', '', '', '', '', '', '', '', '', 0),
(3103, '0785', '03MSU0064X', 'UNIVERSIDAD AUTONOMA DE BAJA CALIFORNIA SUR', '03', 'PÚBLICO', '11', '', '', '', '', '', '', '', '', '', '', '', 0),
(3104, '0786', '12MSU0004Q', 'CENTRO DE ACTUALIZACION DEL MAGISTERIO DE IGUALA', '12', 'PÚBLICO', '05', '', '', '', '', '', '', '', '', '', '', '', 0),
(3105, '0787', '18MSU0030I', 'ESCUELA NORMAL SUPERIOR DE NAYARIT', '18', 'PÚBLICO', '05', '', '', '', '', '', '', '', '', '', '', '', 0),
(3106, '0788', '27MSU0036K', 'DIRECCION DE EDUCACION ARTISTICA DEL INSTITUTO ESTATAL DE CULTURA', '27', 'PÚBLICO', '15', '', '', '', '', '', '', '', '', '', '', '', 0),
(3107, '0789', '04MSU0220X', 'INSTITUTO TECNOLOGICO DE CAMPECHE', '04', 'PÚBLICO', '01', '', '', '', '', '', '', '', '', '', '', '', 0),
(3108, '0790', '12MSU0005P', 'CENTRO DE ACTUALIZACION DEL MAGISTERIO DE ACAPULCO', '12', 'PÚBLICO', '05', '', '', '', '', '', '', '', '', '', '', '', 0),
(3109, '0791', '18MSU0075E', 'UNIVERSIDAD POLITECNICA DEL ESTADO DE NAYARIT', '18', 'PÚBLICO', '10', '', '', '', '', '', '', '', '', '', '', '', 0),
(3110, '0792', '27MSU0001V', 'INSTITUTO TECNOLÓGICO SUPERIOR DE COMALCALCO', '27', 'PÚBLICO', '07', '', '', '', '', '', '', '', '', '', '', '', 0),
(3111, '0793', '04MSU0212O', 'INSTITUTO TECNOLOGICO DE CHINA', '04', 'PÚBLICO', '01', '', '', '', '', '', '', '', '', '', '', '', 0),
(3112, '0794', '12MSU0047O', 'CENTRO REGIONAL DE EDUCACION NORMAL', '12', 'PÚBLICO', '05', '', '', '', '', '', '', '', '', '', '', '', 0),
(3113, '0795', '18MSU8888C', 'UNIVERSIDAD TECNOLOGICA DE NAYARIT', '18', 'PÚBLICO', '14', '', '', '', '', '', '', '', '', '', '', '', 0),
(3114, '0796', '27MSU0023G', 'INSTITUTO TECNOLOGICO SUPERIOR DE LOS RIOS', '27', 'PÚBLICO', '07', '', '', '', '', '', '', '', '', '', '', '', 0),
(3115, '0797', '04MSU0240K', 'INSTITUTO TECNOLOGICO DE LERMA', '04', 'PÚBLICO', '01', '', '', '', '', '', '', '', '', '', '', '', 0),
(3116, '0798', '12MSU0054Y', 'ESCUELA NORMAL REGIONAL DE LA MONTAÑA', '12', 'PÚBLICO', '05', '', '', '', '', '', '', '', '', '', '', '', 0),
(3117, '0799', '18MSU0004K', 'UNIVERSIDAD TECNOLOGICA DE LA COSTA', '18', 'PÚBLICO', '14', '', '', '', '', '', '', '', '', '', '', '', 0),
(3118, '0800', '27MSU0011B', 'INSTITUTO TECNOLOGICO SUPERIOR DE LA REGION SIERRA', '27', 'PÚBLICO', '07', '', '', '', '', '', '', '', '', '', '', '', 0),
(3119, '0801', '15MSU0050Z', 'INSTITUTO SUPERIOR DE CIENCIAS DE LA EDUCACION DEL ESTADO DE MEXICO', '15', 'PÚBLICO', '15', '', '', '', '', '', '', '', '', '', '', '', 0),
(3120, '0802', '04MSU0006F', 'CENTRO DE ACTUALIZACION DEL MAGISTERIO', '04', 'PÚBLICO', '03', '', '', '', '', '', '', '', '', '', '', '', 0),
(3121, '0803', '12MSU0053Z', 'ESCUELA NORMAL URBANA FEDERAL RAFAEL RAMIREZ', '12', 'PÚBLICO', '05', '', '', '', '', '', '', '', '', '', '', '', 0),
(3122, '0804', '18MSU0017O', 'UNIVERSIDAD TECNOLOGICA DE BAHIA DE BANDERAS', '18', 'PÚBLICO', '14', '', '', '', '', '', '', '', '', '', '', '', 0),
(3123, '0805', '27MSU0012A', 'INSTITUTO TECNOLOGICO SUPERIOR DE MACUSPANA', '27', 'PÚBLICO', '07', '', '', '', '', '', '', '', '', '', '', '', 0),
(3124, '0806', '15MSU0082R', 'CENTRO REGIONAL DE FORMACION DOCENTE E INVESTIGACION EDUCATIVA', '15', 'PÚBLICO', '15', '', '', '', '', '', '', '', '', '', '', '', 0),
(3125, '0807', '04MSU0066U', 'ESCUELA NORMAL RURAL JUSTO SIERRA MENDEZ', '04', 'PÚBLICO', '05', '', '', '', '', '', '', '', '', '', '', '', 0),
(3126, '0808', '12MSU0052Z', 'ESCUELA NORMAL RURAL RAUL ISIDRO BURGOS', '12', 'PÚBLICO', '05', '', '', '', '', '', '', '', '', '', '', '', 0),
(3127, '0809', '18MSU0045K', 'UNIVERSIDAD TECNOLOGICA DE LA SIERRA', '18', 'PÚBLICO', '14', '', '', '', '', '', '', '', '', '', '', '', 0),
(3128, '0810', '27MSU0014Z', 'INSTITUTO TECNOLÓGICO SUPERIOR DE CENTLA', '27', 'PÚBLICO', '07', '', '', '', '', '', '', '', '', '', '', '', 0),
(3129, '0811', '04MSU0066U', 'ESCUELA NORMAL RURAL JUSTO SIERRA MENDEZ', '04', 'PÚBLICO', '15', '', '', '', '', '', '', '', '', '', '', '', 0),
(3130, '0812', '12MSU0051A', 'ESCUELA NORMAL PREESCOLAR ADOLFO VIGURI VIGURI', '12', 'PÚBLICO', '05', '', '', '', '', '', '', '', '', '', '', '', 0),
(3131, '0813', '18MSU0106H', 'UNIVERSIDAD TECNOLOGICA DE MAZATAN', '18', 'PÚBLICO', '14', '', '', '', '', '', '', '', '', '', '', '', 0),
(3132, '0814', '27MSU0007P', 'INSTITUTO TECNOLOGICO SUPERIOR DE VILLA LA VENTA', '27', 'PÚBLICO', '07', '', '', '', '', '', '', '', '', '', '', '', 0),
(3133, '0815', '04MSU0062Y', 'ESCUELA NORMAL SUPERIOR FEDERAL DE CAMPECHE', '04', 'PÚBLICO', '05', '', '', '', '', '', '', '', '', '', '', '', 0),
(3134, '0816', '12MSU0300R', 'UPN UNIDAD 121 CHILPANCINGO', '12', 'PÚBLICO', '13', '', '', '', '', '', '', '', '', '', '', '', 0),
(3135, '0817', '18MSU0019M', 'UNIVERSIDAD AUTONOMA DE NAYARIT', '18', 'PÚBLICO', '11', '', '', '', '', '', '', '', '', '', '', '', 0),
(3136, '0818', '27MSU0009N', 'UNIVERSIDAD INTERCULTURAL DEL ESTADO DE TABASCO', '27', 'PÚBLICO', '09', '', '', '', '', '', '', '', '', '', '', '', 0),
(3137, '0819', '04MSU0050T', 'UNIVERSIDAD PEDAGOGICA NACIONAL NUM 042 CIUDAD DEL CARMEN', '04', 'PÚBLICO', '13', '', '', '', '', '', '', '', '', '', '', '', 0),
(3138, '0820', '12MSU0290A', 'UPN UNIDAD 122 ACAPULCO', '12', 'PÚBLICO', '13', '', '', '', '', '', '', '', '', '', '', '', 0),
(3139, '0821', '19MSU9999N', 'ESCUELA SUPERIOR DE MUSICA Y DANZA DE MONTERREY', '19', 'PÚBLICO', '15', '', '', '', '', '', '', '', '', '', '', '', 0),
(3140, '0822', '27MSU0041W', 'GRACIELA PINTADO DE MADRAZO', '27', 'PÚBLICO', '05', '', '', '', '', '', '', '', '', '', '', '', 0),
(3141, '0823', '16MSU0559K', 'EL COLEGIO DE MICHOACAN A.C.', '16', 'PÚBLICO', '02', '', '', '', '', '', '', '', '', '', '', '', 0),
(3142, '0824', '04MSU0040M', 'UNIVERSIDAD PEDAGOGICA NACIONAL NUM 041 MARIA LAVALLE URBINA', '04', 'PÚBLICO', '13', '', '', '', '', '', '', '', '', '', '', '', 0),
(3143, '0825', '12MSU0310Y', 'UNIVERISAD PEDAGOGICA NACIONAL UNIDAD 123', '12', 'PÚBLICO', '13', '', '', '', '', '', '', '', '', '', '', '', 0),
(3144, '0826', '19MSU1082U', 'INSTITUTO TECNOLOGICO DE NUEVO LEON', '19', 'PÚBLICO', '01', '', '', '', '', '', '', '', '', '', '', '', 0),
(3145, '0827', '27MSU0042V', 'PABLO GARCIA AVALOS', '27', 'PÚBLICO', '05', '', '', '', '', '', '', '', '', '', '', '', 0),
(3146, '0828', '16MSU0030K', 'CENTRO INTERDISCIPLINARIOS DE INVESTIGACION PARA EL DESARROLLO INTEGRAL REGIONAL', '16', 'PÚBLICO', '02', '', '', '', '', '', '', '', '', '', '', '', 0),
(3147, '0829', '04MSU0060Z', 'ESCUELA NORMAL DE LICENCIATURA EN EDUCACION ESPECIAL EN EL AREA DE PROBLEMAS DE APRENDIZAJ', '04', 'PÚBLICO', '05', '', '', '', '', '', '', '', '', '', '', '', 0),
(3148, '0830', '12MSU0315T', 'UPN UNIDAD 12D DE TLAPA DE COMONFORT', '12', 'PÚBLICO', '13', '', '', '', '', '', '', '', '', '', '', '', 0),
(3149, '0831', '19MSU1106N', 'INSTITUTO TECNOLOGICO DE LINARES', '19', 'PÚBLICO', '01', '', '', '', '', '', '', '', '', '', '', '', 0),
(3150, '0832', '27MSU0043U', 'ROSARIO MARIA GUTIERREZ ESKILDSEN', '27', 'PÚBLICO', '05', '', '', '', '', '', '', '', '', '', '', '', 0),
(3151, '0833', '16MSU0081R', 'INSTITUTO DE LA JUDICATURA DEL CONSEJO DEL PODER JUDICIAL EN MICHOACÁN', '16', 'PÚBLICO', '15', '', '', '', '', '', '', '', '', '', '', '', 0),
(3152, '0834', '04MSU0013P', 'INSTITUTO TECNOLOGICO SUPERIOR DE CALKINI EN EL ESTADO DE CAMPECHE', '04', 'PÚBLICO', '07', '', '', '', '', '', '', '', '', '', '', '', 0),
(3153, '0835', '12MSU0330L', 'INSTITUTO TECNOLOGICO SUPERIOR  DE LA COSTA CHICA', '12', 'PÚBLICO', '07', '', '', '', '', '', '', '', '', '', '', '', 0),
(3154, '0836', '19MSU0063Z', 'CENTRO DE ACTUALIZACION DEL MAGISTERIO EN MONTERREY', '19', 'PÚBLICO', '05', '', '', '', '', '', '', '', '', '', '', '', 0),
(3155, '0837', '17MSU0002N', 'CENTRO DE ACTUALIZACION DEL MAGISTERIO', '17', 'PÚBLICO', '15', '', '', '', '', '', '', '', '', '', '', '', 0),
(3156, '0838', '04MSU0023W', 'INSTITUTO TECNOLOGICO SUPERIOR DE ESCARCEGA', '04', 'PÚBLICO', '07', '', '', '', '', '', '', '', '', '', '', '', 0),
(3157, '0839', '12MSU0020H', 'INSTITUTO TECNOLOGICO SUPERIOR DE LA MONTAÑA', '12', 'PÚBLICO', '07', '', '', '', '', '', '', '', '', '', '', '', 0),
(3158, '0840', '19MSU7771W', 'UNIVERSIDAD PEDAGOGICA NACIONAL 19 A MONTERREY', '19', 'PÚBLICO', '13', '', '', '', '', '', '', '', '', '', '', '', 0),
(3159, '0841', '27MSU0017W', 'UNIVERSIDAD POLITECNICA DEL GOLFO DE MEXICO', '27', 'PÚBLICO', '10', '', '', '', '', '', '', '', '', '', '', '', 0),
(3160, '0842', '17MSU0033G', 'CENTRO DE DESARROLLO DE PRODUCTOS BIOTICOS', '17', 'PÚBLICO', '13', '', '', '', '', '', '', '', '', '', '', '', 0),
(3161, '0843', '04MSU0032D', 'INSTITUTO TECNOLOGICO SUPERIOR DE CHAMPOTON', '04', 'PÚBLICO', '07', '', '', '', '', '', '', '', '', '', '', '', 0),
(3162, '0844', '12MSU0072N', 'UNIVERSIDAD INTERCULTURAL DEL ESTADO DE GUERRERO', '12', 'PÚBLICO', '09', '', '', '', '', '', '', '', '', '', '', '', 0),
(3163, '0845', '19MSU7781C', 'UNIVERSIDAD PEDAGOGICA NACIONAL UNIDAD 19 B GUADALUPE', '19', 'PÚBLICO', '13', '', '', '', '', '', '', '', '', '', '', '', 0),
(3164, '0846', '27MSU0034M', 'UNIVERSIDAD POLITECNICA MESOAMERICANA', '27', 'PÚBLICO', '10', '', '', '', '', '', '', '', '', '', '', '', 0),
(3165, '0847', '17MSU0003M', 'CENTRO NACIONAL DE INVESTIGACION Y DESARROLLO TECNOLOGICO (CENIDET)', '17', 'PÚBLICO', '01', '', '', '', '', '', '', '', '', '', '', '', 0),
(3166, '0848', '04MSU0041L', 'INSTITUTO TECNOLOGICO SUPERIOR DE HOPELCHEN', '04', 'PÚBLICO', '07', '', '', '', '', '', '', '', '', '', '', '', 0),
(3167, '0849', '12MSU0048N', 'CENTENARIA ESCUELA NORMAL DEL ESTADO IGNACIO MANUEL ALTAMIRANO', '12', 'PÚBLICO', '05', '', '', '', '', '', '', '', '', '', '', '', 0),
(3168, '0850', '19MSU0053S', 'ESCUELA NORMAL MIGUEL F. MARTINEZ', '19', 'PÚBLICO', '05', '', '', '', '', '', '', '', '', '', '', '', 0),
(3169, '0851', '27MSU0035L', 'UNIVERSIDAD POLITECNICA DEL CENTRO', '27', 'PÚBLICO', '10', '', '', '', '', '', '', '', '', '', '', '', 0),
(3170, '0852', '17MSU0060D', 'INSTITUTO NACIONAL DE SALUD PUBLICA', '17', 'PÚBLICO', '15', '', '', '', '', '', '', '', '', '', '', '', 0),
(3171, '0853', '04MSU0030F', 'INSTITUTO CAMPECHANO', '04', 'PÚBLICO', '05', '', '', '', '', '', '', '', '', '', '', '', 0),
(3172, '0854', '12MSU0049M', 'ESCUELA NORMAL VICENTE GUERRERO', '12', 'PÚBLICO', '05', '', '', '', '', '', '', '', '', '', '', '', 0),
(3173, '0855', '19MSU0054R', 'ESCUELA NORMAL PROFR. SERAFIN PEÑA', '19', 'PÚBLICO', '05', '', '', '', '', '', '', '', '', '', '', '', 0),
(3174, '0856', '27MSU0025E', 'UNIVERSIDAD POPULAR DE LA CHONTALPA', '27', 'PÚBLICO', '12', '', '', '', '', '', '', '', '', '', '', '', 0),
(3175, '0857', '04MSU0067T', 'ESCUELA NORMAL DE LICENCIATURA EN EDUCACION PREESCOLAR PROF PASTOR RODRIGUEZ', '04', 'PÚBLICO', '05', '', '', '', '', '', '', '', '', '', '', '', 0),
(3176, '0858', '12MSU0056W', 'ESCUELA NORMAL REGIONAL DE TIERRA CALIENTE', '12', 'PÚBLICO', '05', '', '', '', '', '', '', '', '', '', '', '', 0),
(3177, '0859', '19MSU0055Q', 'ESCUELA NORMAL PABLO LIVAS', '19', 'PÚBLICO', '05', '', '', '', '', '', '', '', '', '', '', '', 0),
(3178, '0860', '27MSU0022H', 'UNIVERSIDAD TECNOLOGICA DE TABASCO', '27', 'PÚBLICO', '14', '', '', '', '', '', '', '', '', '', '', '', 0),
(3179, '0861', '18MSU0036C', 'ESCUELA JUDICIAL DEL PODER JUDICIAL DEL ESTADO DE NAYARIT', '18', 'PÚBLICO', '15', '', '', '', '', '', '', '', '', '', '', '', 0),
(3180, '0862', '04MSU0061Z', 'ESCUELA NORMAL DE LICENCIATURA EN EDUCACION FISICA DE CALKINI CAMPECHE', '04', 'PÚBLICO', '05', '', '', '', '', '', '', '', '', '', '', '', 0),
(3181, '0863', '12MSU0055X', 'ESCUELA SUPERIOR DE EDUCACION FISICA', '12', 'PÚBLICO', '05', '', '', '', '', '', '', '', '', '', '', '', 0),
(3182, '0864', '19MSU0056P', 'ESCUELA NORMAL SUPERIOR PROFR. MOISES SAENZ GARZA', '19', 'PÚBLICO', '05', '', '', '', '', '', '', '', '', '', '', '', 0),
(3183, '0865', '27MSU0028B', 'UNIVERSIDAD TECNOLOGICA DEL USUMACINTA', '27', 'PÚBLICO', '14', '', '', '', '', '', '', '', '', '', '', '', 0),
(3184, '0866', '04MSU0068S', 'ESCUELA NORMAL DE LICENCIATURA EN EDUCACION PRIMARIA DE CALKINI', '04', 'PÚBLICO', '05', '', '', '', '', '', '', '', '', '', '', '', 0),
(3185, '0867', '12MSU0077I', 'UNIVERSIDAD POLITECNICA DEL ESTADO DE GUERRERO', '12', 'PÚBLICO', '10', '', '', '', '', '', '', '', '', '', '', '', 0),
(3186, '0868', '19MSU0062Z', 'ESCUELA NORMAL DE ESPECIALIZACION MAESTRO HUMBERTO RAMOS LOZANO', '19', 'PÚBLICO', '05', '', '', '', '', '', '', '', '', '', '', '', 0),
(3187, '0869', '27MSU0018V', 'UNIVERSIDAD JUAREZ AUTONOMA DE TABASCO', '27', 'PÚBLICO', '11', '', '', '', '', '', '', '', '', '', '', '', 0),
(3188, '0870', '12MSU0016V', 'UNIVERSIDAD TECNOLOGICA DE LA COSTA GRANDE', '12', 'PÚBLICO', '14', '', '', '', '', '', '', '', '', '', '', '', 0),
(3189, '0871', '19MSU0109D', 'UNIVERSIDAD POLITECNICA DE APODACA', '19', 'PÚBLICO', '10', '', '', '', '', '', '', '', '', '', '', '', 0),
(3190, '0872', '27MSU0005R', 'UNIVERSIDAD AUTONOMA CHAPINGO - CENTRO REGIONAL UNIVERSITARIO DEL SURESTE', '27', 'PÚBLICO', '13', '', '', '', '', '', '', '', '', '', '', '', 0),
(3191, '0873', '19MSU0021Z', 'INSTITUTO DE SALUD MENTAL DE NUEVO LEON', '19', 'PÚBLICO', '15', '', '', '', '', '', '', '', '', '', '', '', 0),
(3192, '0874', '04MSU0003I', 'UNIVERSIDAD TECNOLOGICA DE CAMPECHE', '04', 'PÚBLICO', '14', '', '', '', '', '', '', '', '', '', '', '', 0),
(3193, '0875', '12MSU0059T', 'UNIVERSIDAD TECNOLOGICA DE LA REGION NORTE DE GUERRERO', '12', 'PÚBLICO', '14', '', '', '', '', '', '', '', '', '', '', '', 0),
(3194, '0876', '19MSU0299L', 'UNIVERSIDAD POLITECNICA DE GARCIA', '19', 'PÚBLICO', '10', '', '', '', '', '', '', '', '', '', '', '', 0),
(3195, '0877', '28MSU0050C', 'INSTITUTO TECNOLOGICO DE REYNOSA', '28', 'PÚBLICO', '01', '', '', '', '', '', '', '', '', '', '', '', 0),
(3196, '0878', '19MSU0071H', 'INSTITUTO DE INVESTIGACION, INNOVACION Y ESTUDIOS DE POSGRADO PARA LA EDUCACION DEL ESTADO DE NUEVO LEON', '19', 'PÚBLICO', '15', '', '', '', '', '', '', '', '', '', '', '', 0),
(3197, '0879', '04MSU0069R', 'UNIVERSIDAD TECNOLOGICA DE CANDELARIA', '04', 'PÚBLICO', '14', '', '', '', '', '', '', '', '', '', '', '', 0),
(3198, '0880', '12MSU0101S', 'UNIVERSIDAD TECNOLOGICA DE ACAPULCO', '12', 'PÚBLICO', '14', '', '', '', '', '', '', '', '', '', '', '', 0),
(3199, '0881', '19MSU0307D', 'UNIVERSIDAD CIUDADANA DE NUEVO LEON', '19', 'PÚBLICO', '15', '', '', '', '', '', '', '', '', '', '', '', 0),
(3200, '0882', '28MSU0482R', 'INSTITUTO TECNOLOGICO DE ALTAMIRA', '28', 'PÚBLICO', '01', '', '', '', '', '', '', '', '', '', '', '', 0),
(3201, '0883', '19MSU0332C', 'INSTITUTO DE INVESTIGACIONES JURIDICAS Y DOCENCIA DE LA ADMINISTRACION PUBLICA DEL ESTADO DE NUEVO LEON', '19', 'PÚBLICO', '15', '', '', '', '', '', '', '', '', '', '', '', 0),
(3202, '0884', '04MSU0039X', 'UNIVERSIDAD TECNOLOGICA DE CALAKMUL', '04', 'PÚBLICO', '14', '', '', '', '', '', '', '', '', '', '', '', 0),
(3203, '0885', '12MSU0108L', 'UNIVERSIDAD TECNOLOGICA DEL MAR DEL ESTADO DE GUERRERO', '12', 'PÚBLICO', '14', '', '', '', '', '', '', '', '', '', '', '', 0),
(3204, '0886', '19MSU1114W', 'ESCUELA DE CIENCIAS DE LA EDUCACION', '19', 'PÚBLICO', '15', '', '', '', '', '', '', '', '', '', '', '', 0),
(3205, '0887', '28MSU0028A', 'INSTITUTO TECNOLOGICO DE CIUDAD MADERO', '28', 'PÚBLICO', '01', '', '', '', '', '', '', '', '', '', '', '', 0),
(3206, '0888', '20MSU0108U', 'CENTRO INTERDISCIPLINARIO DE INVESTIGACIÓN PARA EL DESARROLLO INTEGRAL REGIONAL, UNIDAD OAXACA', '20', 'PÚBLICO', '02', '', '', '', '', '', '', '', '', '', '', '', 0),
(3207, '0889', '04MSU0018K', 'UNIVERSIDAD AUTONOMA DE CAMPECHE', '04', 'PÚBLICO', '11', '', '', '', '', '', '', '', '', '', '', '', 0),
(3208, '0890', '12MSU0109K', 'UNIVERSIDAD TECNOLOGICA DE LA TIERRA CALIENTE DE GUERRERO', '12', 'PÚBLICO', '14', '', '', '', '', '', '', '', '', '', '', '', 0),
(3209, '0891', '19MSU0024X', 'UNIVERSIDAD TECNOLOGICA GRAL. MARIANO ESCOBEDO', '19', 'PÚBLICO', '14', '', '', '', '', '', '', '', '', '', '', '', 0),
(3210, '0892', '28MSU0036J', 'INSTITUTO TECNOLOGICO DE NUEVO LAREDO', '28', 'PÚBLICO', '01', '', '', '', '', '', '', '', '', '', '', '', 0),
(3211, '0893', '20MSU0025L', 'ESCUELA JUDICIAL', '20', 'PÚBLICO', '15', '', '', '', '', '', '', '', '', '', '', '', 0),
(3212, '0894', '04MSU0238W', 'UNIVERSIDAD AUTONOMA DEL CARMEN', '04', 'PÚBLICO', '11', '', '', '', '', '', '', '', '', '', '', '', 0),
(3213, '0895', '12MSU0146O', 'CENTRO DE REHABILITACIÓN INTEGRAL CRIG GUERRERO', '12', 'PÚBLICO', '15', '', '', '', '', '', '', '', '', '', '', '', 0),
(3214, '0896', '19MSU0025W', 'UNIVERSIDAD TECNOLOGICA SANTA CATARINA', '19', 'PÚBLICO', '14', '', '', '', '', '', '', '', '', '', '', '', 0),
(3215, '0897', '28MSU0044S', 'INSTITUTO TECNOLOGICO DE MATAMOROS', '28', 'PÚBLICO', '01', '', '', '', '', '', '', '', '', '', '', '', 0),
(3216, '0898', '21MSU0891B', 'INSTITUTO NACIONAL DE ASTROFISICA, OPTICA Y ELECTRONICA', '21', 'PÚBLICO', '02', '', '', '', '', '', '', '', '', '', '', '', 0),
(3217, '0899', '05MSU0855F', 'INSTITUTO TECNOLOGICO DE PIEDRAS NEGRAS', '07', 'PÚBLICO', '01', '', '', '', '', '', '', '', '', '', '', '', 0),
(3218, '0900', '12MSU0170O', 'COLEGIO SUPERIOR AGROPECUARIO DEL ESTADO DE GUERRERO', '12', 'PÚBLICO', '15', '', '', '', '', '', '', '', '', '', '', '', 0),
(3219, '0901', '19MSU0107F', 'UNIVERSIDAD TECNOLOGICA LINARES', '19', 'PÚBLICO', '14', '', '', '', '', '', '', '', '', '', '', '', 0),
(3220, '0902', '28MSU0597S', 'INSTITUTO TECNOLOGICO DE CIUDAD VICTORIA', '28', 'PÚBLICO', '01', '', '', '', '', '', '', '', '', '', '', '', 0),
(3221, '0903', '05MSU0051R', 'INSTITUTO TECNOLOGICO DE SALTILLO', '07', 'PÚBLICO', '01', '', '', '', '', '', '', '', '', '', '', '', 0),
(3222, '0904', '12MSU0086Q', 'UNIVERSIDAD POLICIAL DEL ESTADO DE GUERRERO (UNIPOL)', '12', 'PÚBLICO', '15', '', '', '', '', '', '', '', '', '', '', '', 0),
(3223, '0905', '19MSU0114P', 'UNIVERSIDAD TECNOLOGICA CADEREYTA', '19', 'PÚBLICO', '14', '', '', '', '', '', '', '', '', '', '', '', 0),
(3224, '0906', '28MSU0014Y', 'CENTRO DE ACTUALIZACIÓN DEL MAGISTERIO DE CIUDAD VICTORIA, TAMAULIPAS', '28', 'PÚBLICO', '15', '', '', '', '', '', '', '', '', '', '', '', 0),
(3225, '0907', '21MSU0056D', 'INSTITUTO DE PROFESIONALIZACION DEL MAGISTERIO POBLANO', '21', 'PÚBLICO', '15', '', '', '', '', '', '', '', '', '', '', '', 0),
(3226, '0908', '05MSU0871X', 'INSTITUTO TECNOLOGICO DE TORREON', '07', 'PÚBLICO', '01', '', '', '', '', '', '', '', '', '', '', '', 0),
(3227, '0909', '12MSU0015W', 'UNIVERSIDAD AUTONOMA DE GUERRERO', '12', 'PÚBLICO', '11', '', '', '', '', '', '', '', '', '', '', '', 0),
(3228, '0910', '19MSU0330E', 'UNIVERSIDAD TECNOLOGICA BILINGUE FRANCO MEXICANA DE NUEVO LEON', '19', 'PÚBLICO', '14', '', '', '', '', '', '', '', '', '', '', '', 0),
(3229, '0911', '28MSU0840O', 'ESCUELA NORMAL FEDERAL DE EDUCADORAS MAESTRA ESTEFANÍA CASTAÑEDA', '28', 'PÚBLICO', '05', '', '', '', '', '', '', '', '', '', '', '', 0),
(3230, '0912', '21MSU0062O', 'ACADEMIA ESTATAL DE LAS FUERZAS DE SEGURIDAD PUBLICA DEL ESTADO DE PUEBLA', '21', 'PÚBLICO', '15', '', '', '', '', '', '', '', '', '', '', '', 0),
(3231, '0913', '05MSU0069Q', 'INSTITUTO TECNOLOGICO DE LA LAGUNA', '07', 'PÚBLICO', '01', '', '', '', '', '', '', '', '', '', '', '', 0),
(3232, '0914', '13MSU0260F', 'INSTITUTO TECNOLOGICO DE HUEJUTLA', '13', 'PÚBLICO', '01', '', '', '', '', '', '', '', '', '', '', '', 0),
(3233, '0915', '19MSU0031G', 'ESCUELA DE ENFERMERIA DEL I.M.S.S.', '19', 'PÚBLICO', '15', '', '', '', '', '', '', '', '', '', '', '', 0),
(3234, '0916', '28MSU0850V', 'ESCUELA NORMAL URBANA CUAUHTEMOC', '28', 'PÚBLICO', '05', '', '', '', '', '', '', '', '', '', '', '', 0),
(3235, '0917', '21MSU8870R', 'EL COLEGIO DE PUEBLA A.C.', '21', 'PÚBLICO', '15', '', '', '', '', '', '', '', '', '', '', '', 0),
(3236, '0918', '05MSU9007M', 'ESCUELA NORMAL EXPERIMENTAL', '07', 'PÚBLICO', '05', '', '', '', '', '', '', '', '', '', '', '', 0),
(3237, '0919', '13MSU0309H', 'INSTITUTO TECNOLOGICO DE ATITALAQUIA', '13', 'PÚBLICO', '01', '', '', '', '', '', '', '', '', '', '', '', 0),
(3238, '0920', '19MSU0308C', 'UNIVERSIDAD DE CIENCIAS DE LA SEGURIDAD DEL ESTADO DE NUEVO LEON DIVISION DE ESPECIALIZACION', '19', 'PÚBLICO', '15', '', '', '', '', '', '', '', '', '', '', '', 0),
(3239, '0921', '28MSU0860B', 'ESCUELA NORMAL PROFR. Y GRAL. ALBERTO CARRERA TORRES', '28', 'PÚBLICO', '05', '', '', '', '', '', '', '', '', '', '', '', 0),
(3240, '0922', '21MSU0020P', 'COLEGIO DE POSGRADUADOS', '21', 'PÚBLICO', '15', '', '', '', '', '', '', '', '', '', '', '', 0),
(3241, '0923', '05MSU0100J', 'U P N UNIDAD SALTILLO', '07', 'PÚBLICO', '13', '', '', '', '', '', '', '', '', '', '', '', 0),
(3242, '0924', '13MSU0025B', 'INSTITUTO TECNOLOGICO DE PACHUCA', '13', 'PÚBLICO', '01', '', '', '', '', '', '', '', '', '', '', '', 0),
(3243, '0925', '19MSU0011T', 'UNIVERSIDAD AUTONOMA DE NUEVO LEON', '19', 'PÚBLICO', '11', '', '', '', '', '', '', '', '', '', '', '', 0),
(3244, '0926', '28MSU0870I', 'BENEMERITA ESCUELA NORMAL FEDERALIZADA DE TAMAULIPAS', '28', 'PÚBLICO', '05', '', '', '', '', '', '', '', '', '', '', '', 0),
(3245, '0927', '05MSU0990K', 'UNIVERSIDAD PEDAGOGICA NACIONAL UNIDAD MONCLOVA', '07', 'PÚBLICO', '13', '', '', '', '', '', '', '', '', '', '', '', 0),
(3246, '0928', '13MSU0261E', 'NORMAL DE LAS HUASTECAS', '13', 'PÚBLICO', '05', '', '', '', '', '', '', '', '', '', '', '', 0),
(3247, '0929', '20MSU0523I', 'INSTITUTO TECNOLOGICO DE TUXTEPEC', '20', 'PÚBLICO', '01', '', '', '', '', '', '', '', '', '', '', '', 0),
(3248, '0930', '28MSU0880P', 'ESCUELA NORMAL RURAL DE TAMAULIPAS MAESTRO LAURO AGUIRRE', '28', 'PÚBLICO', '05', '', '', '', '', '', '', '', '', '', '', '', 0),
(3249, '0931', '22MSU0006V', 'CENTRO DE INVESTIGACION Y DE ESTUDIOS AVANZADOS DEL IPN  UNIDAD QUERETARO', '22', 'PÚBLICO', '02', '', '', '', '', '', '', '', '', '', '', '', 0),
(3250, '0932', '05MSU0120X', 'U P N UNIDAD PIEDRAS NEGRAS', '07', 'PÚBLICO', '13', '', '', '', '', '', '', '', '', '', '', '', 0),
(3251, '0933', '13MSU0262D', 'NORMAL SIERRA HIDALGUENSE', '13', 'PÚBLICO', '05', '', '', '', '', '', '', '', '', '', '', '', 0),
(3252, '0934', '20MSU0037Q', 'INSTITUTO TECNOLOGICO DE OAXACA', '20', 'PÚBLICO', '01', '', '', '', '', '', '', '', '', '', '', '', 0),
(3253, '0935', '28MSU0890W', 'ESCUELA NORMAL LIC. J. GUADALUPE MAINERO', '28', 'PÚBLICO', '05', '', '', '', '', '', '', '', '', '', '', '', 0),
(3254, '0936', '22MSU0018Z', 'CENTRO DE INVESTIGACION EN CIENCIA APLICADA Y TECNOLOGIA AVANZADA DEL IPN', '22', 'PÚBLICO', '13', '', '', '', '', '', '', '', '', '', '', '', 0),
(3255, '0937', '05MSU0110Q', 'U P N UNIDAD TORREON', '07', 'PÚBLICO', '13', '', '', '', '', '', '', '', '', '', '', '', 0),
(3256, '0938', '13MSU0263C', 'NORMAL VALLE DEL MEZQUITAL', '13', 'PÚBLICO', '05', '', '', '', '', '', '', '', '', '', '', '', 0),
(3257, '0939', '20MSU0052I', 'INSTITUTO TECNOLOGICO DEL ISTMO', '20', 'PÚBLICO', '01', '', '', '', '', '', '', '', '', '', '', '', 0),
(3258, '0940', '28MSU0003S', 'UNIVERSIDAD PEDAGOGICA NACIONAL UNIDAD NUM. 285 REYNOSA', '28', 'PÚBLICO', '13', '', '', '', '', '', '', '', '', '', '', '', 0),
(3259, '0941', '22MSU0015C', 'CENTRO DE INGENIERIA Y DESARROLLO INDUSTRIAL', '22', 'PÚBLICO', '02', '', '', '', '', '', '', '', '', '', '', '', 0),
(3260, '0942', '05MSU0140K', 'INSTITUTO TECNOLOGICO DE ESTUDIOS SUPERIORES DE LA REGION CARBONIFERA', '07', 'PÚBLICO', '07', '', '', '', '', '', '', '', '', '', '', '', 0),
(3261, '0943', '13MSU0264B', 'CENTRO REGIONAL DE EDUCACION NORMAL BENITO JUAREZ', '13', 'PÚBLICO', '05', '', '', '', '', '', '', '', '', '', '', '', 0),
(3262, '0944', '20MSU0027J', 'INSTITUTO TECNOLOGICO DE TLAXIACO', '20', 'PÚBLICO', '01', '', '', '', '', '', '', '', '', '', '', '', 0),
(3263, '0945', '28MSU0790X', 'UNIVERSIDAD PEDAGOGICA NACIONAL UNIDAD NUM. 281 VICTORIA', '28', 'PÚBLICO', '13', '', '', '', '', '', '', '', '', '', '', '', 0),
(3264, '0946', '22MSU0014D', 'CENTRO DE INVESTIGACION Y DESARROLLO TECNOLOGICO EN ELECTROQUIMICA, S. C.', '22', 'PÚBLICO', '02', '', '', '', '', '', '', '', '', '', '', '', 0),
(3265, '0947', '05MSU0040L', 'INSTITUTO TECNOLOGICO SUPERIOR DE MONCLOVA', '07', 'PÚBLICO', '07', '', '', '', '', '', '', '', '', '', '', '', 0),
(3266, '0948', '13MSU0270M', 'ESCUELA NORMAL SUPERIOR PUBLICA DEL ESTADO DE HIDALGO', '13', 'PÚBLICO', '05', '', '', '', '', '', '', '', '', '', '', '', 0),
(3267, '0949', '20MSU0556Z', 'INSTITUTO TECNOLOGICO DE PINOTEPA', '20', 'PÚBLICO', '01', '', '', '', '', '', '', '', '', '', '', '', 0),
(3268, '0950', '28MSU0810U', 'UNIVERSIDAD PEDAGOGICA NACIONAL UNIDAD NUM. 283 MATAMOROS', '28', 'PÚBLICO', '13', '', '', '', '', '', '', '', '', '', '', '', 0),
(3269, '0951', '05MSU0007D', 'INSTITUTO TECNOLOGICO SUPERIOR DE CIUDAD ACU?A', '07', 'PÚBLICO', '07', '', '', '', '', '', '', '', '', '', '', '', 0),
(3270, '0952', '13MSU0347K', 'UNIDAD PROFESIONAL INTERDISCIPLINARIA DE INGENIERIA CAMPUS HIDALGO', '13', 'PÚBLICO', '13', '', '', '', '', '', '', '', '', '', '', '', 0),
(3271, '0953', '20MSU0515Z', 'INSTITUTO TECNOLOGICO DE COMITANCILLO', '20', 'PÚBLICO', '01', '', '', '', '', '', '', '', '', '', '', '', 0),
(3272, '0954', '28MSU0830H', 'UNIVERSIDAD PEDAGOGICA NACIONAL UNIDAD NUM. 284 NUEVO LAREDO', '28', 'PÚBLICO', '13', '', '', '', '', '', '', '', '', '', '', '', 0),
(3273, '0955', '22MSU0040B', 'CENTRO INTERDISCIPLINARIO DE INVESTIGACION Y DOCENCIA EN EDUCACION TÉCNICA', '22', 'PÚBLICO', '01', '', '', '', '', '', '', '', '', '', '', '', 0),
(3274, '0956', '05MSU0032C', 'INSTITUTO TECNOLOGICO SUPERIOR DE SAN PEDRO', '07', 'PÚBLICO', '07', '', '', '', '', '', '', '', '', '', '', '', 0),
(3275, '0957', '13MSU0050A', 'UNIVERSIDAD PEDAGOGICA NACIONAL-HIDALGO UNIDAD 131 PACHUCA', '13', 'PÚBLICO', '13', '', '', '', '', '', '', '', '', '', '', '', 0),
(3276, '0958', '20MSU0017C', 'INSTITUTO TECNOLOGICO DEL VALLE DE ETLA', '20', 'PÚBLICO', '01', '', '', '', '', '', '', '', '', '', '', '', 0),
(3277, '0959', '28MSU0820A', 'UNIVERSIDAD PEDAGOGICA NACIONAL UNIDAD NUM. 282 TAMPICO', '28', 'PÚBLICO', '13', '', '', '', '', '', '', '', '', '', '', '', 0),
(3278, '0960', '22MSU0044Y', 'INSTITUTO DE ESPECIALIZACION JUDICIAL', '22', 'PÚBLICO', '15', '', '', '', '', '', '', '', '', '', '', '', 0),
(3279, '0961', '05MSU0072D', 'INSTITUTO TECNOLOGICO SUPERIOR DE MUZQUIZ', '07', 'PÚBLICO', '07', '', '', '', '', '', '', '', '', '', '', '', 0),
(3280, '0962', '13MSU0289K', 'ESCUELA DE MUSICA DEL ESTADO DE HIDALGO', '13', 'PÚBLICO', '15', '', '', '', '', '', '', '', '', '', '', '', 0),
(3281, '0963', '20MSU0507R', 'INSTITUTO TECNOLOGICO DE LA CUENCA DEL PAPALOAPAN', '20', 'PÚBLICO', '01', '', '', '', '', '', '', '', '', '', '', '', 0),
(3282, '0964', '28MSU1170W', 'INSTITUTO TECNOLOGICO SUPERIOR DE EL MANTE', '28', 'PÚBLICO', '07', '', '', '', '', '', '', '', '', '', '', '', 0),
(3283, '0965', '23MSU0013D', 'UNIDAD REGIONAL DE EL COLEGIO DE LA FRONTERA SUR', '23', 'PÚBLICO', '02', '', '', '', '', '', '', '', '', '', '', '', 0),
(3284, '0966', '05MSU9004P', 'ESCUELA NORMAL DE EDUCACION FISICA', '07', 'PÚBLICO', '05', '', '', '', '', '', '', '', '', '', '', '', 0),
(3285, '0967', '13MSU0001S', 'INSTITUTO TECNOLOGICO SUPERIOR DEL OCCIDENTE DEL ESTADO DE HIDALGO', '13', 'PÚBLICO', '07', '', '', '', '', '', '', '', '', '', '', '', 0),
(3286, '0968', '20MSU0560M', 'INSTITUTO TECNOLOGICO DEL VALLE DE OAXACA', '20', 'PÚBLICO', '01', '', '', '', '', '', '', '', '', '', '', '', 0),
(3287, '0969', '28MSU1060Q', 'UNIVERSIDAD POLITECNICA DE VICTORIA', '28', 'PÚBLICO', '10', '', '', '', '', '', '', '', '', '', '', '', 0),
(3288, '0970', '23MSU0064K', 'INSTITUTO DE FORMACIÓN ESPECIALIZADA EN DERECHOS HUMANOS', '23', 'PÚBLICO', '15', '', '', '', '', '', '', '', '', '', '', '', 0),
(3289, '0971', '05MSU9008L', 'ESCUELA NORMAL DE TORREON', '07', 'PÚBLICO', '05', '', '', '', '', '', '', '', '', '', '', '', 0),
(3290, '0972', '13MSU0013X', 'INSTITUTO TECNOLOGICO SUPERIOR DE HUICHAPAN', '13', 'PÚBLICO', '07', '', '', '', '', '', '', '', '', '', '', '', 0),
(3291, '0973', '20MSU0003Z', 'INSTITUTO TECNOLOGICO DE SALINA CRUZ', '20', 'PÚBLICO', '01', '', '', '', '', '', '', '', '', '', '', '', 0),
(3292, '0974', '28MSU1120O', 'UNIVERSIDAD POLITECNICA DE ALTAMIRA', '28', 'PÚBLICO', '10', '', '', '', '', '', '', '', '', '', '', '', 0),
(3293, '0975', '23MSU0079M', 'ESCUELA JUDICIAL', '23', 'PÚBLICO', '15', '', '', '', '', '', '', '', '', '', '', '', 0),
(3294, '0976', '05MSU9005O', 'BENEMERITA ESCUELA NORMAL DE COAHUILA', '07', 'PÚBLICO', '05', '', '', '', '', '', '', '', '', '', '', '', 0),
(3295, '0977', '13MSU0014W', 'INSTITUTO TECNOLOGICO SUPERIOR DEL ORIENTE DEL ESTADO DE HIDALGO (ITESA)', '13', 'PÚBLICO', '07', '', '', '', '', '', '', '', '', '', '', '', 0),
(3296, '0978', '20MSU9000L', 'INSTITUTO TECNOLOGICO DE POCHUTLA', '20', 'PÚBLICO', '01', '', '', '', '', '', '', '', '', '', '', '', 0),
(3297, '0979', '28MSU1220N', 'UNIVERSIDAD POLITECNICA DE LA REGION RIBEREÑA', '28', 'PÚBLICO', '10', '', '', '', '', '', '', '', '', '', '', '', 0),
(3298, '0980', '24MSU0260L', 'INSTITUTO ESTATAL DE INVESTIGACION Y POSGRADO EN EDUCACION', '24', 'PÚBLICO', '15', '', '', '', '', '', '', '', '', '', '', '', 0),
(3299, '0981', '05MSU0170E', 'ESCUELA NORMAL SUPERIOR DEL ESTADO', '07', 'PÚBLICO', '05', '', '', '', '', '', '', '', '', '', '', '', 0),
(3300, '0982', '13MSU0326Y', 'UNIVERSIDAD INTERCULTURAL DEL ESTADO DE HIDALGO', '13', 'PÚBLICO', '09', '', '', '', '', '', '', '', '', '', '', '', 0),
(3301, '0983', '20MSU0611C', 'ESCUELA NORMAL BILINGUE E INTERCULTURAL DE OAXACA', '20', 'PÚBLICO', '05', '', '', '', '', '', '', '', '', '', '', '', 0),
(3302, '0984', '28MSU0021H', 'CENTRO DE REHABILITACION Y EDUCACION ESPECIAL', '28', 'PÚBLICO', '15', '', '', '', '', '', '', '', '', '', '', '', 0),
(3303, '0985', '24MSU0012D', 'INSTITUTO POTOSINO DE INVESTIGACION CIENTIFICA Y TECNOLOGICA, A.C.', '24', 'PÚBLICO', '02', '', '', '', '', '', '', '', '', '', '', '', 0),
(3304, '0986', '05MSU9003Q', 'ESCUELA NORMAL DE EDUCACION PREESCOLAR DEL ESTADO', '07', 'PÚBLICO', '05', '', '', '', '', '', '', '', '', '', '', '', 0),
(3305, '0987', '13MSU0021F', 'UNIVERSIDAD POLITECNICA DE TULANCINGO', '13', 'PÚBLICO', '10', '', '', '', '', '', '', '', '', '', '', '', 0),
(3306, '0988', '20MSU0600X', 'ESCUELA NORMAL URBANA FEDERAL DEL ISTMO', '20', 'PÚBLICO', '05', '', '', '', '', '', '', '', '', '', '', '', 0),
(3307, '0989', '28MSU1010I', 'COLEGIO DE SAN JUAN SIGLO XXI', '28', 'PÚBLICO', '15', '', '', '', '', '', '', '', '', '', '', '', 0),
(3308, '0990', '05MSU9001S', 'ESCUELA NORMAL OFICIAL DORA MADERO', '07', 'PÚBLICO', '05', '', '', '', '', '', '', '', '', '', '', '', 0),
(3309, '0991', '13MSU0271L', 'UNIVERSIDAD POLITECNICA DE PACHUCA', '13', 'PÚBLICO', '10', '', '', '', '', '', '', '', '', '', '', '', 0),
(3310, '0992', '20MSU0601W', 'ESCUELA NORMAL EXPERIMENTAL HUAJUAPAN', '20', 'PÚBLICO', '05', '', '', '', '', '', '', '', '', '', '', '', 0),
(3311, '0993', '28MSU1490G', 'UNIVERSIDAD DE SEGURIDAD Y JUSTICIA DE TAMAULIPAS', '28', 'PÚBLICO', '15', '', '', '', '', '', '', '', '', '', '', '', 0),
(3312, '0994', '24MSU0420I', 'INSTITUTO DE ESTUDIOS JUDICIALES', '24', 'PÚBLICO', '15', '', '', '', '', '', '', '', '', '', '', '', 0),
(3313, '0995', '05MSU0080M', 'ESCUELA NORMAL REGIONAL DE ESPECIALIZACION', '07', 'PÚBLICO', '05', '', '', '', '', '', '', '', '', '', '', '', 0),
(3314, '0996', '13MSU0279D', 'UNIVERSIDAD POLITECNICA DE FRANCISCO I. MADERO', '13', 'PÚBLICO', '10', '', '', '', '', '', '', '', '', '', '', '', 0),
(3315, '0997', '20MSU0602V', 'ESCUELA NORMAL DE EDUCACION PREESCOLAR OAXACA', '20', 'PÚBLICO', '05', '', '', '', '', '', '', '', '', '', '', '', 0),
(3316, '0998', '28MSU0025D', 'UNIVERSIDAD TECNOLOGICA DE TAMAULIPAS NORTE', '28', 'PÚBLICO', '14', '', '', '', '', '', '', '', '', '', '', '', 0),
(3317, '0999', '24MSU0690B', 'INSTITUTO DE FORMACION MINISTERIAL, POLICIAL Y PERICIAL', '24', 'PÚBLICO', '15', '', '', '', '', '', '', '', '', '', '', '', 0),
(3318, '1000', '05MSU0119H', 'ESCUELA NORMAL DE MONCLOVA', '07', 'PÚBLICO', '05', '', '', '', '', '', '', '', '', '', '', '', 0),
(3319, '1001', '13MSU0295V', 'UNIVERSIDAD POLITECNICA METROPOLITANA DE HIDALGO', '13', 'PÚBLICO', '10', '', '', '', '', '', '', '', '', '', '', '', 0),
(3320, '1002', '20MSU0603U', 'ESCUELA NORMAL DE EDUCACION ESPECIAL', '20', 'PÚBLICO', '05', '', '', '', '', '', '', '', '', '', '', '', 0),
(3321, '1003', '28MSU0029Z', 'UNIVERSIDAD TECNOLOGICA DE MATAMOROS', '28', 'PÚBLICO', '14', '', '', '', '', '', '', '', '', '', '', '', 0),
(3322, '1004', '05MSU0094P', 'UNIVERSIDAD POLITECNICA DE LA REGION LAGUNA', '07', 'PÚBLICO', '10', '', '', '', '', '', '', '', '', '', '', '', 0),
(3323, '1005', '13MSU0327X', 'UNIVERSIDAD POLITECNICA DE HUEJUTLA', '13', 'PÚBLICO', '10', '', '', '', '', '', '', '', '', '', '', '', 0),
(3324, '1006', '20MSU0604T', 'CENTRO REGIONAL DE EDUCACION NORMAL', '20', 'PÚBLICO', '05', '', '', '', '', '', '', '', '', '', '', '', 0),
(3325, '1007', '28MSU0032N', 'UNIVERSIDAD TECNOLOGICA DE ALTAMIRA', '28', 'PÚBLICO', '14', '', '', '', '', '', '', '', '', '', '', '', 0),
(3326, '1008', '25MSU0033P', 'CENTRO INTERDISCIPLINARIO DE INVESTIGACION PARA EL DESARROLLO INTEGRAL', '25', 'PÚBLICO', '13', '', '', '', '', '', '', '', '', '', '', '', 0),
(3327, '1009', '05MSU0095O', 'UNIVERSIDAD POLITECNICA DE PIEDRAS NEGRAS', '07', 'PÚBLICO', '10', '', '', '', '', '', '', '', '', '', '', '', 0),
(3328, '1010', '13MSU0343O', 'UNIVERSIDAD POLITECNICA DE LA ENERGIA', '13', 'PÚBLICO', '10', '', '', '', '', '', '', '', '', '', '', '', 0),
(3329, '1011', '20MSU0605S', 'ESCUELA NORMAL EXPERIMENTAL PRESIDENTE LAZARO CARDENAS', '20', 'PÚBLICO', '05', '', '', '', '', '', '', '', '', '', '', '', 0),
(3330, '1012', '28MSU0033M', 'UNIVERSIDAD TECNOLOGICA DE NUEVO LAREDO', '28', 'PÚBLICO', '14', '', '', '', '', '', '', '', '', '', '', '', 0),
(3331, '1013', '05MSU0102H', 'UNIVERSIDAD POLITECNICA DE RAMOS ARIZPE', '07', 'PÚBLICO', '10', '', '', '', '', '', '', '', '', '', '', '', 0),
(3332, '1014', '13MSU0029Y', 'UNIVERSIDAD DIGITAL DEL ESTADO DE HIDALGO', '13', 'PÚBLICO', '15', '', '', '', '', '', '', '', '', '', '', '', 0),
(3333, '1015', '20MSU0606R', 'ESCUELA NORMAL EXPERIMENTAL PDTE. VENUSTIANO CARRANZA', '20', 'PÚBLICO', '05', '', '', '', '', '', '', '', '', '', '', '', 0),
(3334, '1016', '28MSU1330T', 'UNIVERSIDAD TECNOLOGICA DEL MAR DE TAMAULIPAS BICENTENARIO', '28', 'PÚBLICO', '14', '', '', '', '', '', '', '', '', '', '', '', 0),
(3335, '1017', '05MSU0104F', 'UNIVERSIDAD POLITECNICA DE MONCLOVA-FRONTERA', '07', 'PÚBLICO', '10', '', '', '', '', '', '', '', '', '', '', '', 0),
(3336, '1018', '13MSU0319O', 'INSTITUTO DE FORMACION PROFESIONAL', '13', 'PÚBLICO', '15', '', '', '', '', '', '', '', '', '', '', '', 0),
(3337, '1019', '28MSU0589J', 'ESCUELA NAUTICA MERCANTE DE TAMPICO', '28', 'PÚBLICO', '15', '', '', '', '', '', '', '', '', '', '', '', 0),
(3338, '1020', '25MSU0081Z', 'INSTITUTO DE ADMINISTRACION PUBLICA DE SINALOA, A.C.', '25', 'PÚBLICO', '15', '', '', '', '', '', '', '', '', '', '', '', 0),
(3339, '1021', '05MSU0008C', 'INSTITUTO SUPERIOR DE ESTUDIOS DE SEGURIDAD PUBLICA REGION LAGUNA DON LUIS GONZALEZ COS Y MATUTE', '07', 'PÚBLICO', '15', '', '', '', '', '', '', '', '', '', '', '', 0),
(3340, '1022', '13MSU0006N', 'UNIVERSIDAD TECNOLOGICA TULA-TEPEJI', '13', 'PÚBLICO', '14', '', '', '', '', '', '', '', '', '', '', '', 0);
INSERT INTO `cat_ies` (`id_cat_ies`, `id_ies`, `dt_clave_ies`, `dt_nombre_ies`, `id_cat_entidad`, `dt_control`, `dt_subsistema`, `dt_subsistema_resp`, `dt_email`, `dt_telefono`, `dt_direccion`, `dt_localidad`, `dt_municipio`, `dt_cp`, `lat`, `lng`, `dt_bajo_modalidad`, `dt_total_egresados`, `dt_estatus`) VALUES
(3341, '1023', '20MSU0608P', 'ESCUELA NORMAL EXPERIMENTAL DE TEPOSCOLULA', '20', 'PÚBLICO', '05', '', '', '', '', '', '', '', '', '', '', '', 0),
(3342, '1024', '28MSU0010B', 'UNIVERSIDAD AUTONOMA DE TAMAULIPAS', '28', 'PÚBLICO', '11', '', '', '', '', '', '', '', '', '', '', '', 0),
(3343, '1025', '25MSU0140Y', 'TRIBUNAL ELECTORAL DEL ESTADO DE SINALOA', '25', 'PÚBLICO', '15', '', '', '', '', '', '', '', '', '', '', '', 0),
(3344, '1026', '05MSU0018J', 'ISESPE CAMPUS RAMOS ARIZPE', '07', 'PÚBLICO', '15', '', '', '', '', '', '', '', '', '', '', '', 0),
(3345, '1027', '13MSU0007M', 'UNIVERSIDAD TECNOLOGICA DE TULANCINGO', '13', 'PÚBLICO', '14', '', '', '', '', '', '', '', '', '', '', '', 0),
(3346, '1028', '20MSU0609O', 'ESCUELA NORMAL SUPERIOR FEDERAL DE OAXACA', '20', 'PÚBLICO', '05', '', '', '', '', '', '', '', '', '', '', '', 0),
(3347, '1029', '29MSU0010A', 'INSTITUTO TECNOLOGICO DEL ALTIPLANO DE TLAXCALA', '29', 'PÚBLICO', '01', '', '', '', '', '', '', '', '', '', '', '', 0),
(3348, '1030', '05MSU0130D', 'UNIVERSIDAD TECNOLOGICA DE COAHUILA', '07', 'PÚBLICO', '14', '', '', '', '', '', '', '', '', '', '', '', 0),
(3349, '1031', '13MSU0004P', 'UNIVERSIDAD TECNOLOGICA DEL VALLE DEL MEZQUITAL', '13', 'PÚBLICO', '14', '', '', '', '', '', '', '', '', '', '', '', 0),
(3350, '1032', '20MSU0610D', 'ESCUELA NORMAL RURAL VANGUARDIA', '20', 'PÚBLICO', '05', '', '', '', '', '', '', '', '', '', '', '', 0),
(3351, '1033', '29MSU0009L', 'INSTITUTO TECNOLOGICO DE APIZACO', '29', 'PÚBLICO', '01', '', '', '', '', '', '', '', '', '', '', '', 0),
(3352, '1034', '26MSU0190E', 'CENTRO DE INVESTIGACION EN ALIMENTACION Y DESARROLLO', '26', 'PÚBLICO', '02', '', '', '', '', '', '', '', '', '', '', '', 0),
(3353, '1035', '05MSU0131C', 'UNIVERSIDAD TECNOLOGICA DE TORREON', '07', 'PÚBLICO', '14', '', '', '', '', '', '', '', '', '', '', '', 0),
(3354, '1036', '13MSU0005O', 'UNIVERSIDAD TECNOLOGICA DE LA HUASTECA HIDALGUENSE', '13', 'PÚBLICO', '14', '', '', '', '', '', '', '', '', '', '', '', 0),
(3355, '1037', '20MSU0080E', 'UNIDAD UPN 20-A', '20', 'PÚBLICO', '13', '', '', '', '', '', '', '', '', '', '', '', 0),
(3356, '1038', '29MSU0015W', 'CENTRO DE ACTUALIZACION DEL MAGISTERIO', '29', 'PÚBLICO', '05', '', '', '', '', '', '', '', '', '', '', '', 0),
(3357, '1039', '05MSU0006E', 'UNIVERSIDAD TECNOLOGICA DEL NORTE DE COAHUILA', '07', 'PÚBLICO', '14', '', '', '', '', '', '', '', '', '', '', '', 0),
(3358, '1040', '13MSU0008L', 'UNIVERSIDAD TECNOLOGICA DE LA SIERRA HIDALGUENSE', '13', 'PÚBLICO', '14', '', '', '', '', '', '', '', '', '', '', '', 0),
(3359, '1041', '20MSU0040D', 'UNIDAD UPN 20-B TUXTEPEC', '20', 'PÚBLICO', '13', '', '', '', '', '', '', '', '', '', '', '', 0),
(3360, '1042', '29MSU0019S', 'ESCUELA NORMAL URBANA FEDERAL EMILIO SANCHEZ PIEDRAS', '29', 'PÚBLICO', '05', '', '', '', '', '', '', '', '', '', '', '', 0),
(3361, '1043', '05MSU0017K', 'UNIVERSIDAD TECNOLOGICA DE LA REGION CENTRO DE COAHUILA', '07', 'PÚBLICO', '14', '', '', '', '', '', '', '', '', '', '', '', 0),
(3362, '1044', '13MSU0323A', 'UNIVERSIDAD TECNOLOGICA DE LA ZONA METROPOLITANA DEL VALLE DE MEXICO', '13', 'PÚBLICO', '14', '', '', '', '', '', '', '', '', '', '', '', 0),
(3363, '1045', '20MSU0070Y', 'UNIDAD UPN 20-C IXTEPEC', '20', 'PÚBLICO', '13', '', '', '', '', '', '', '', '', '', '', '', 0),
(3364, '1046', '29MSU0020H', 'ESCUELA NORMAL RURAL LIC. BENITO JUAREZ', '29', 'PÚBLICO', '05', '', '', '', '', '', '', '', '', '', '', '', 0),
(3365, '1047', '26MSU0160K', 'EL COLEGIO DE SONORA', '26', 'PÚBLICO', '12', '', '', '', '', '', '', '', '', '', '', '', 0),
(3366, '1048', '05MSU0089D', 'UNIVERSIDAD TECNOLOGICA DE LA REGION CARBONIFERA DE COAHUILA', '07', 'PÚBLICO', '14', '', '', '', '', '', '', '', '', '', '', '', 0),
(3367, '1049', '13MSU0335F', 'UNIVERSIDAD TECNOLOGICA MINERA DE ZIMAPAN', '13', 'PÚBLICO', '14', '', '', '', '', '', '', '', '', '', '', '', 0),
(3368, '1050', '20MSU0035S', 'INSTITUTO TECNOLOGICO SUPERIOR DE SAN MIGUEL EL GRANDE', '20', 'PÚBLICO', '07', '', '', '', '', '', '', '', '', '', '', '', 0),
(3369, '1051', '29MSU0021G', 'ESCUELA NORMAL PROFA. FRANCISCA MADERA MARTINEZ', '29', 'PÚBLICO', '05', '', '', '', '', '', '', '', '', '', '', '', 0),
(3370, '1052', '26MSU0046S', 'CENTRO REGIONAL DE FORMACION PROFESIONAL DOCENTE DE SONORA', '26', 'PÚBLICO', '15', '', '', '', '', '', '', '', '', '', '', '', 0),
(3371, '1053', '05MSU0093Q', 'UNIVERSIDAD TECNOLOGICA DE SALTILLO', '07', 'PÚBLICO', '14', '', '', '', '', '', '', '', '', '', '', '', 0),
(3372, '1054', '13MSU0342P', 'UNIVERSIDAD TECNOLOGICA DE MINERAL DE LA REFORMA', '13', 'PÚBLICO', '14', '', '', '', '', '', '', '', '', '', '', '', 0),
(3373, '1055', '20MSU0612B', 'INSTITUTO TECNOLOGICO SUPERIOR DE TEPOSCOLULA', '20', 'PÚBLICO', '07', '', '', '', '', '', '', '', '', '', '', '', 0),
(3374, '1056', '29MSU0072N', 'UNIDAD PROFESIONAL INTERDISCIPLINARIA DE INGENIERÍA, CAMPUS TLAXCALA (UPIIT)', '29', 'PÚBLICO', '13', '', '', '', '', '', '', '', '', '', '', '', 0),
(3375, '1057', '05MSU0118I', 'UNIVERSIDAD TECNOLÓGICA DE CIUDAD ACUÑA', '07', 'PÚBLICO', '14', '', '', '', '', '', '', '', '', '', '', '', 0),
(3376, '1058', '13MSU0017T', 'UNIVERSIDAD AUTONOMA DEL ESTADO DE HIDALGO', '13', 'PÚBLICO', '11', '', '', '', '', '', '', '', '', '', '', '', 0),
(3377, '1059', '20MSU0026K', 'CENTRO SUPERIOR DE ESTUDIOS TECNOLOGICOS DE TEPOSCOLULA', '20', 'PÚBLICO', '15', '', '', '', '', '', '', '', '', '', '', '', 0),
(3378, '1060', '29MSU0012Z', 'UNIVERSIDAD PEDAGOGICA NACIONAL UNIDAD 291 TLAXCALA', '29', 'PÚBLICO', '13', '', '', '', '', '', '', '', '', '', '', '', 0),
(3379, '1061', '05MSU0115L', 'UNIVERSIDAD TECNOLÓGICA DE PARRAS DE LA FUENTE', '07', 'PÚBLICO', '14', '', '', '', '', '', '', '', '', '', '', '', 0),
(3380, '1062', '14MSU0133I', 'INSTITUTO TECNOLOGICO DE CIUDAD GUZMAN', '14', 'PÚBLICO', '01', '', '', '', '', '', '', '', '', '', '', '', 0),
(3381, '1063', '20MSU0021P', 'UNIVERSIDAD DEL ISTMO', '20', 'PÚBLICO', '12', '', '', '', '', '', '', '', '', '', '', '', 0),
(3382, '1064', '29MSU0031N', 'INSTITUTO TECNOLOGICO SUPERIOR DE TLAXCO', '29', 'PÚBLICO', '07', '', '', '', '', '', '', '', '', '', '', '', 0),
(3383, '1065', '27MSU0027C', 'EL COLEGIO DE LA FRONTERA SUR', '27', 'PÚBLICO', '02', '', '', '', '', '', '', '', '', '', '', '', 0),
(3384, '1066', '05MSU0010R', 'RECTORIA DE LA UNIVERSIDAD AUTONOMA DE COAHUILA', '07', 'PÚBLICO', '11', '', '', '', '', '', '', '', '', '', '', '', 0),
(3385, '1067', '14MSU0080U', 'INSTITUTO TECNOLOGICO DE OCOTLAN', '14', 'PÚBLICO', '01', '', '', '', '', '', '', '', '', '', '', '', 0),
(3386, '1068', '20MSU0063O', 'UNIDAD DE ESTUDIOS SUPERIORES ALOTEPEC', '20', 'PÚBLICO', '15', '', '', '', '', '', '', '', '', '', '', '', 0),
(3387, '1069', '29MSU0017U', 'ESCUELA NORMAL LEONARDA GOMEZ BLANCO', '29', 'PÚBLICO', '05', '', '', '', '', '', '', '', '', '', '', '', 0),
(3388, '1070', '27MSU0031P', 'CENTRO DE ESPECIALIZACION JUDICIAL', '27', 'PÚBLICO', '15', '', '', '', '', '', '', '', '', '', '', '', 0),
(3389, '1071', '05MSU0645A', 'UNIVERSIDAD AUTONOMA AGRARIA ANTONIO NARRO', '07', 'PÚBLICO', '13', '', '', '', '', '', '', '', '', '', '', '', 0),
(3390, '1072', '14MSU0030M', 'INSTITUTO TECNOLOGICO DE TLAJOMULCO', '14', 'PÚBLICO', '01', '', '', '', '', '', '', '', '', '', '', '', 0),
(3391, '1073', '20MSU0068J', 'UNIVERSIDAD DE CHALCATONGO', '20', 'PÚBLICO', '15', '', '', '', '', '', '', '', '', '', '', '', 0),
(3392, '1074', '29MSU0029Z', 'UNIVERSIDAD POLITECNICA DE TLAXCALA', '29', 'PÚBLICO', '10', '', '', '', '', '', '', '', '', '', '', '', 0),
(3393, '1075', '27MSU0030Q', 'COLEGIO DE POSTGRADUADOS CAMPUS TABASCO', '27', 'PÚBLICO', '15', '', '', '', '', '', '', '', '', '', '', '', 0),
(3394, '1076', '06MSU0012O', 'UNIVERSIDAD DE COLIMA', '08', 'PÚBLICO', '11', '', '', '', '', '', '', '', '', '', '', '', 0),
(3395, '1077', '14MSU0098T', 'CENTRO REGIONAL DE EDUCACION NORMAL', '14', 'PÚBLICO', '05', '', '', '', '', '', '', '', '', '', '', '', 0),
(3396, '1078', '20MSU0069I', 'UNIVERSIDAD DE LA COSTA', '20', 'PÚBLICO', '15', '', '', '', '', '', '', '', '', '', '', '', 0),
(3397, '1079', '29MSU0051A', 'UNIVERSIDAD POLITECNICA DE TLAXCALA REGION PONIENTE', '29', 'PÚBLICO', '10', '', '', '', '', '', '', '', '', '', '', '', 0),
(3398, '1080', '28MSU1360N', 'CENTRO DE INVESTIGACION EN CIENCIA APLICADA Y TECNOLOGIA AVANZADA UNIDAD ALTAMIRA', '28', 'PÚBLICO', '13', '', '', '', '', '', '', '', '', '', '', '', 0),
(3399, '1081', '06MSU0022V', 'INSTITUTO OCEANOGRAFICO DEL PACIFICO', '08', 'PÚBLICO', '15', '', '', '', '', '', '', '', '', '', '', '', 0),
(3400, '1082', '14MSU0099S', 'MIGUEL HIDALGO', '14', 'PÚBLICO', '05', '', '', '', '', '', '', '', '', '', '', '', 0),
(3401, '1083', '20MSU0049V', 'NOVAUNIVERSITAS', '20', 'PÚBLICO', '15', '', '', '', '', '', '', '', '', '', '', '', 0),
(3402, '1084', '29MSU0011Z', 'UNIVERSIDAD TECNOLOGICA DE TLAXCALA (UTT)', '29', 'PÚBLICO', '14', '', '', '', '', '', '', '', '', '', '', '', 0),
(3403, '1085', '28MSU0053Z', 'CENTRO DE BIOTECNOLOGIA  GENOMICA DEL INSTITUTO POLITECNICO NACIONAL', '28', 'PÚBLICO', '13', '', '', '', '', '', '', '', '', '', '', '', 0),
(3404, '1086', '06MSU0003G', 'INSTITUTO SUPERIOR DE EDUCACION NORMAL DEL ESTADO DE COLIMA PROFR. GREGORIO TORRES QUINTERO', '08', 'PÚBLICO', '05', '', '', '', '', '', '', '', '', '', '', '', 0),
(3405, '1087', '14MSU0104N', 'ESCUELA NORMAL EXPERIMENTAL', '14', 'PÚBLICO', '05', '', '', '', '', '', '', '', '', '', '', '', 0),
(3406, '1088', '20MSU0112G', 'UNIVERSIDAD POLITÉCNICA DE NOCHIXTLÁN ABRAHAM CASTELLANOS', '20', 'PÚBLICO', '10', '', '', '', '', '', '', '', '', '', '', '', 0),
(3407, '1089', '29MSU0013Y', 'UNIVERSIDAD AUTONOMA DE TLAXCALA', '29', 'PÚBLICO', '11', '', '', '', '', '', '', '', '', '', '', '', 0),
(3408, '1090', '28MSU1520K', 'SISTEMA DE EDUCACION SUPERIOR ABIERTA Y A DISTANCIA DE TAMAULIPAS', '28', 'PÚBLICO', '15', '', '', '', '', '', '', '', '', '', '', '', 0),
(3409, '1091', '06MSU0020X', 'INSTITUTO TECNOLOGICO DE COLIMA', '08', 'PÚBLICO', '01', '', '', '', '', '', '', '', '', '', '', '', 0),
(3410, '1092', '20MSU0060R', 'UNIVERSIDAD TECNOLOGICA DE LA MIXTECA', '20', 'PÚBLICO', '12', '', '', '', '', '', '', '', '', '', '', '', 0),
(3411, '1093', '30MSU0020X', 'INSTITUTO TECNOLOGICO DE ORIZABA', '30', 'PÚBLICO', '01', '', '', '', '', '', '', '', '', '', '', '', 0),
(3412, '1094', '28MSU0960A', 'EL COLEGIO DE TAMAULIPAS', '28', 'PÚBLICO', '02', '', '', '', '', '', '', '', '', '', '', '', 0),
(3413, '1095', '07MSU0008A', 'INSTITUTO TECNOLOGICO DE TAPACHULA', '05', 'PÚBLICO', '01', '', '', '', '', '', '', '', '', '', '', '', 0),
(3414, '1096', '14MSU0345L', 'CENTRO DE ENSEÐANZA TECNICA INDUSTRIAL', '14', 'PÚBLICO', '15', '', '', '', '', '', '', '', '', '', '', '', 0),
(3415, '1097', '20MSU0580Z', 'UNIVERSIDAD DEL MAR', '20', 'PÚBLICO', '12', '', '', '', '', '', '', '', '', '', '', '', 0),
(3416, '1098', '30MSU0038W', 'INSTITUTO TECNOLOGICO DE VERACRUZ', '30', 'PÚBLICO', '01', '', '', '', '', '', '', '', '', '', '', '', 0),
(3417, '1099', '28MSU1430S', 'CENTRO REGIONAL DE FORMACION DOCENTE E INVESTIGACION EDUCATIVA', '28', 'PÚBLICO', '15', '', '', '', '', '', '', '', '', '', '', '', 0);

-- --------------------------------------------------------

--
-- Estructura de tabla para la tabla `cat_subsistema`
--

CREATE TABLE `cat_subsistema` (
  `id_subsistema` int(11) NOT NULL,
  `id_cat_subsistema` varchar(2) NOT NULL,
  `dt_nombre_subsistema` varchar(100) NOT NULL
) ENGINE=InnoDB DEFAULT CHARSET=utf8mb4;

--
-- Volcado de datos para la tabla `cat_subsistema`
--

INSERT INTO `cat_subsistema` (`id_subsistema`, `id_cat_subsistema`, `dt_nombre_subsistema`) VALUES
(1, '01', 'INSTITUTOS TECNOLÓGICOS FEDERALES'),
(2, '02', 'CENTROS PÚBLICOS DE INVESTIGACIÓN'),
(3, '03', 'EDUCACIÓN NORMAL PARTICULAR'),
(4, '04', 'EDUCACIÓN NORMAL PARTICULAR - POSGRADO'),
(5, '05', 'EDUCACIÓN NORMAL PÚBLICA'),
(6, '06', 'EDUCACIÓN NORMAL PÚBLICA - POSGRADO'),
(7, '07', 'INSTITUTOS TECNOLÓGICOS DESCENTRALIZADOS'),
(8, '08', 'UNIVERSIDAD NACIONAL AUTÓNOMA DE MÉXICO'),
(9, '09', 'UNIVERSIDADES INTERCULTURALES'),
(10, '10', 'UNIVERSIDADES POLITÉCNICAS'),
(11, '11', 'UNIVERSIDADES PÚBLICAS ESTATALES'),
(12, '12', 'UNIVERSIDADES PÚBLICAS ESTATALES CON APOYO SOLIDARIO'),
(13, '13', 'UNIVERSIDADES PÚBLICAS FEDERALES'),
(14, '14', 'UNIVERSIDADES TECNOLÓGICAS'),
(15, '15', 'OTRAS INSTITUCIONES PÚBLICAS');

-- --------------------------------------------------------

--
-- Estructura de tabla para la tabla `mapa`
--

CREATE TABLE `mapa` (
  `idmapa` int(11) NOT NULL,
  `persona` varchar(100) COLLATE utf8_spanish2_ci NOT NULL,
  `descripcion` varchar(200) COLLATE utf8_spanish2_ci NOT NULL,
  `lat` varchar(100) COLLATE utf8_spanish2_ci NOT NULL,
  `lng` varchar(100) COLLATE utf8_spanish2_ci NOT NULL
) ENGINE=InnoDB DEFAULT CHARSET=utf8 COLLATE=utf8_spanish2_ci;

--
-- Volcado de datos para la tabla `mapa`
--

INSERT INTO `mapa` (`idmapa`, `persona`, `descripcion`, `lat`, `lng`) VALUES
(1, 'Gerson Gonzalez', 'Hola soy un programador', '21.9102022', '-102.317584'),
(2, 'GB', 'Aquí vivo XD', '21.8054142', '-102.2955226');

-- --------------------------------------------------------

--
-- Estructura de tabla para la tabla `programa_educativo`
--

CREATE TABLE `programa_educativo` (
  `id_programa` int(11) NOT NULL,
  `id_ies` varchar(6) NOT NULL,
  `dt_denominacion` varchar(20) NOT NULL,
  `dt_programa` varchar(200) NOT NULL,
  `dt_inicio` varchar(20) NOT NULL,
  `dt_unidad` varchar(200) NOT NULL,
  `dt_unidad_1` varchar(100) NOT NULL,
  `dt_unidad_2` varchar(100) NOT NULL,
  `dt_unidad_3` varchar(100) NOT NULL,
  `dt_unidad_4` varchar(100) NOT NULL,
  `dt_convenio` tinyint(1) NOT NULL,
  `dt_convenio1` tinyint(1) NOT NULL,
  `dt_convenio2` tinyint(1) NOT NULL,
  `dt_convenio3` tinyint(1) NOT NULL,
  `dt_convenio4` tinyint(1) NOT NULL,
  `dt_periodo` varchar(40) NOT NULL,
  `dt_num_m` int(11) NOT NULL,
  `dt_num_f` int(11) NOT NULL,
  `dt_egresados_f` int(11) NOT NULL,
  `dt_egresados_m` int(11) NOT NULL
) ENGINE=InnoDB DEFAULT CHARSET=utf8mb4;

--
-- Volcado de datos para la tabla `programa_educativo`
--

INSERT INTO `programa_educativo` (`id_programa`, `id_ies`, `dt_denominacion`, `dt_programa`, `dt_inicio`, `dt_unidad`, `dt_unidad_1`, `dt_unidad_2`, `dt_unidad_3`, `dt_unidad_4`, `dt_convenio`, `dt_convenio1`, `dt_convenio2`, `dt_convenio3`, `dt_convenio4`, `dt_periodo`, `dt_num_m`, `dt_num_f`, `dt_egresados_f`, `dt_egresados_m`) VALUES
(3, '0012', 'INGENIERÍA', 'PROGRAMA EDUCATIVO', '20', 'unidad', '', '', '', '', 0, 0, 0, 0, 0, '2 semestre', 5, 6, 5, 7),
(4, '0012', 'LICENCIATURA', 'PROGRAMA EDUCATIVO', '2022', 'UNIDAD', 'sdgdsg', '', '', '', 1, 0, 0, 0, 0, '2 semestre', 6, 3, 0, 0),
(5, '0625', 'LICENCIATURA', 'PROGRAMA EDUCATIVO', '2022', 'unidad', 'unidad 2', '', '', '', 1, 0, 0, 0, 0, '2 semestre', 6, 7, 0, 0);

-- --------------------------------------------------------

--
-- Estructura de tabla para la tabla `responsable`
--

CREATE TABLE `responsable` (
  `id_responsable` int(11) NOT NULL,
  `id_usuario` int(11) NOT NULL,
  `dt_entidad` varchar(50) NOT NULL,
  `id_ies` varchar(6) NOT NULL,
  `dt_subsistema` varchar(50) NOT NULL,
  `dt_nom_responsable` varchar(50) NOT NULL,
  `dt_cargo` varchar(50) NOT NULL,
  `dt_telefono` varchar(10) NOT NULL,
  `dt_celular` varchar(10) NOT NULL
) ENGINE=InnoDB DEFAULT CHARSET=utf8mb4;

--
-- Volcado de datos para la tabla `responsable`
--

INSERT INTO `responsable` (`id_responsable`, `id_usuario`, `dt_entidad`, `id_ies`, `dt_subsistema`, `dt_nom_responsable`, `dt_cargo`, `dt_telefono`, `dt_celular`) VALUES
(7, 7, '01', '0625', 'Universidades Públicas Federales', 'RODRIGO MENDEZ GARCIA', 'CARGO', '5530455145', '5530455145'),
(8, 8, '01', '0012', 'Institutos Tecnológicos', 'RODRIGO MENDEZ GARCIA', 'CARGO', '5530455145', '5530455145'),
(9, 9, '01', '0012', 'Universidades Públicas Federales', 'RODRIGO MENDEZ GARCIA', 'CARGO', '5530455145', '5530455145'),
(10, 10, '01', '0625', 'Universidades Públicas Federales', 'RM', 'CARGO', '5530455145', '5530455145');

-- --------------------------------------------------------

--
-- Estructura de tabla para la tabla `usuarios`
--

CREATE TABLE `usuarios` (
  `id_usuario` int(11) NOT NULL,
  `id_ies` varchar(6) NOT NULL,
  `dt_correo` varchar(40) NOT NULL,
  `dt_password` varchar(10) NOT NULL,
  `dt_tipo` int(11) NOT NULL
) ENGINE=InnoDB DEFAULT CHARSET=utf8mb4;

--
-- Volcado de datos para la tabla `usuarios`
--

INSERT INTO `usuarios` (`id_usuario`, `id_ies`, `dt_correo`, `dt_password`, `dt_tipo`) VALUES
(9, '0012', 'RMENDEZ@FESE.MX', 'HeVr1043D$', 2),
(10, '0625', 'RM@FESE.MX', 'Rm123456', 2);

--
-- Índices para tablas volcadas
--

--
-- Indices de la tabla `cat_entidad`
--
ALTER TABLE `cat_entidad`
  ADD PRIMARY KEY (`id_entidad`);

--
-- Indices de la tabla `cat_ies`
--
ALTER TABLE `cat_ies`
  ADD PRIMARY KEY (`id_cat_ies`);

--
-- Indices de la tabla `cat_subsistema`
--
ALTER TABLE `cat_subsistema`
  ADD PRIMARY KEY (`id_subsistema`);

--
-- Indices de la tabla `mapa`
--
ALTER TABLE `mapa`
  ADD PRIMARY KEY (`idmapa`);

--
-- Indices de la tabla `programa_educativo`
--
ALTER TABLE `programa_educativo`
  ADD PRIMARY KEY (`id_programa`);

--
-- Indices de la tabla `responsable`
--
ALTER TABLE `responsable`
  ADD PRIMARY KEY (`id_responsable`);

--
-- Indices de la tabla `usuarios`
--
ALTER TABLE `usuarios`
  ADD PRIMARY KEY (`id_usuario`);

--
-- AUTO_INCREMENT de las tablas volcadas
--

--
-- AUTO_INCREMENT de la tabla `cat_entidad`
--
ALTER TABLE `cat_entidad`
  MODIFY `id_entidad` int(11) NOT NULL AUTO_INCREMENT, AUTO_INCREMENT=33;

--
-- AUTO_INCREMENT de la tabla `cat_ies`
--
ALTER TABLE `cat_ies`
  MODIFY `id_cat_ies` int(11) NOT NULL AUTO_INCREMENT, AUTO_INCREMENT=3418;

--
-- AUTO_INCREMENT de la tabla `cat_subsistema`
--
ALTER TABLE `cat_subsistema`
  MODIFY `id_subsistema` int(11) NOT NULL AUTO_INCREMENT, AUTO_INCREMENT=16;

--
-- AUTO_INCREMENT de la tabla `programa_educativo`
--
ALTER TABLE `programa_educativo`
  MODIFY `id_programa` int(11) NOT NULL AUTO_INCREMENT, AUTO_INCREMENT=6;

--
-- AUTO_INCREMENT de la tabla `responsable`
--
ALTER TABLE `responsable`
  MODIFY `id_responsable` int(11) NOT NULL AUTO_INCREMENT, AUTO_INCREMENT=11;

--
-- AUTO_INCREMENT de la tabla `usuarios`
--
ALTER TABLE `usuarios`
  MODIFY `id_usuario` int(11) NOT NULL AUTO_INCREMENT, AUTO_INCREMENT=11;
COMMIT;

/*!40101 SET CHARACTER_SET_CLIENT=@OLD_CHARACTER_SET_CLIENT */;
/*!40101 SET CHARACTER_SET_RESULTS=@OLD_CHARACTER_SET_RESULTS */;
/*!40101 SET COLLATION_CONNECTION=@OLD_COLLATION_CONNECTION */;
